warning: UnicodeBasic: repository 'C:\Users\fabi0\repos\isar-proofs\.lake/packages\UnicodeBasic' has local changes
(8, 10, false)
(0, 15, true)
true
true
true
true
true
true
true
true
true
true
true
src/ISAR/SpecVocabulary.lean:671:10: warning: This simp argument is unused:
  subst_nibLit

Hint: Omit it from the simp argument list.
  simp [addbcL, byteLit, pairLit, pairSrcL, letsL, aps, tNib, cloNib, loNib, uNib, cn2Nib,
  ̲  ̲ ̲ ̲ ̲ ̲coutNib, hiNib, List.foldl, hsteps, hstep, subst, shift, s̵u̵b̵s̵t̵_̵n̵i̵b̵L̵i̵t̵,̵ ̵shift_nibLit, subst_of_closed0,
  ̲  ̲ ̲ ̲ ̲ ̲shift_of_closed0, closed, closed_app, closed_nibLit, closed_nibAddL, closed_nibCarryL,
  ̲  ̲ ̲ ̲ ̲ ̲closed_orL, closed_b2nL, closed_pairSrcL, closed_klL, closed_byteLit]

Note: This linter can be disabled with `set_option linter.unusedSimpArgs false`
src/ISAR/SpecVocabulary.lean:671:24: warning: This simp argument is unused:
  shift_nibLit

Hint: Omit it from the simp argument list.
  simp [addbcL, byteLit, pairLit, pairSrcL, letsL, aps, tNib, cloNib, loNib, uNib, cn2Nib,
  ̲  ̲ ̲ ̲ ̲ ̲coutNib, hiNib, List.foldl, hsteps, hstep, subst, shift, subst_nibLit, s̵h̵i̵f̵t̵_̵n̵i̵b̵L̵i̵t̵,̵subst_of_closed0,
        shift_of_closed0, closed, closed_app, closed_nibLit, closed_nibAddL, closed_nibCarryL,
        closed_orL, closed_b2nL, closed_pairSrcL, closed_klL, closed_byteLit]

Note: This linter can be disabled with `set_option linter.unusedSimpArgs false`
src/ISAR/SpecVocabulary.lean:673:10: warning: This simp argument is unused:
  closed

Hint: Omit it from the simp argument list.
  simp [addbcL, byteLit, pairLit, pairSrcL, letsL, aps, tNib, cloNib, loNib, uNib, cn2Nib,
  ̲  ̲ ̲ ̲ ̲ ̲coutNib, hiNib, List.foldl, hsteps, hstep, subst, shift, subst_nibLit, shift_nibLit,
        subst_of_closed0, shift_of_closed0, c̵l̵o̵s̵e̵d̵,̵ ̵closed_app, closed_nibLit, closed_nibAddL,
        closed_nibCarryL, closed_orL, closed_b2nL, closed_pairSrcL, closed_klL, closed_byteLit]

Note: This linter can be disabled with `set_option linter.unusedSimpArgs false`
src/ISAR/SpecVocabulary.lean:673:18: warning: This simp argument is unused:
  closed_app

Hint: Omit it from the simp argument list.
  simp [addbcL, byteLit, pairLit, pairSrcL, letsL, aps, tNib, cloNib, loNib, uNib, cn2Nib,
  ̲  ̲ ̲ ̲ ̲ ̲coutNib, hiNib, List.foldl, hsteps, hstep, subst, shift, subst_nibLit, shift_nibLit,
        subst_of_closed0, shift_of_closed0, closed, c̵l̵o̵s̵e̵d̵_̵a̵p̵p̵,̵ ̵closed_nibLit, closed_nibAddL, closed_nibCarryL,
  ̲  ̲ ̲ ̲ ̲ ̲closed_orL, closed_b2nL, closed_pairSrcL, closed_klL, closed_byteLit]

Note: This linter can be disabled with `set_option linter.unusedSimpArgs false`
src/ISAR/SpecVocabulary.lean:674:53: warning: This simp argument is unused:
  closed_pairSrcL

Hint: Omit it from the simp argument list.
  simp [addbcL, byteLit, pairLit, pairSrcL, letsL, aps, tNib, cloNib, loNib, uNib, cn2Nib,
  ̲  ̲ ̲ ̲ ̲ ̲coutNib, hiNib, List.foldl, hsteps, hstep, subst, shift, subst_nibLit, shift_nibLit,
        subst_of_closed0, shift_of_closed0, closed, closed_app, closed_nibLit, closed_nibAddL,
        closed_nibCarryL, closed_orL, closed_b2nL, c̵l̵o̵s̵e̵d̵_̵p̵a̵i̵r̵S̵r̵c̵L̵,̵closed_klL, closed_byteLit]

Note: This linter can be disabled with `set_option linter.unusedSimpArgs false`
src/ISAR/SpecVocabulary.lean:675:10: warning: This simp argument is unused:
  closed_klL

Hint: Omit it from the simp argument list.
  simp [addbcL, byteLit, pairLit, pairSrcL, letsL, aps, tNib, cloNib, loNib, uNib, cn2Nib,
  ̲  ̲ ̲ ̲ ̲ ̲coutNib, hiNib, List.foldl, hsteps, hstep, subst, shift, subst_nibLit, shift_nibLit,
        subst_of_closed0, shift_of_closed0, closed, closed_app, closed_nibLit, closed_nibAddL,
        closed_nibCarryL, closed_orL, closed_b2nL, closed_pairSrcL, c̵l̵o̵s̵e̵d̵_̵k̵l̵L̵,̵ ̵closed_byteLit]

Note: This linter can be disabled with `set_option linter.unusedSimpArgs false`
src/ISAR/SpecVocabulary.lean:675:22: warning: This simp argument is unused:
  closed_byteLit

Hint: Omit it from the simp argument list.
  simp [addbcL, byteLit, pairLit, pairSrcL, letsL, aps, tNib, cloNib, loNib, uNib, cn2Nib,
  ̲  ̲ ̲ ̲ ̲ ̲coutNib, hiNib, List.foldl, hsteps, hstep, subst, shift, subst_nibLit, shift_nibLit,
        subst_of_closed0, shift_of_closed0, closed, closed_app, closed_nibLit, closed_nibAddL,
        closed_nibCarryL, closed_orL, closed_b2nL, closed_pairSrcL, c̵l̵o̵s̵e̵d̵_̵k̵l̵L̵,̵ ̵c̵l̵o̵s̵e̵d̵_̵b̵y̵t̵e̵L̵i̵t̵]̵c̲l̲o̲s̲e̲d̲_̲k̲l̲L̲]̲

Note: This linter can be disabled with `set_option linter.unusedSimpArgs false`
src/ISAR/SpecVocabulary.lean:682:68: warning: This simp argument is unused:
  shift

Hint: Omit it from the simp argument list.
  simp [pairSrcL, pairLit, aps, List.foldl, hsteps, hstep, subst, s̵h̵i̵f̵t̵,̵subst_of_closed0,
        shift_of_closed0, ha, hb]

Note: This linter can be disabled with `set_option linter.unusedSimpArgs false`
src/ISAR/SpecVocabulary.lean:797:19: warning: 'omega' tactic does nothing

Note: This linter can be disabled with `set_option linter.unusedTactic false`
src/ISAR/SpecVocabulary.lean:797:19: warning: this tactic is never executed

Note: This linter can be disabled with `set_option linter.unreachableTactic false`
src/ISAR/SpecVocabulary.lean:839:10: warning: This simp argument is unused:
  subst_nibLit

Hint: Omit it from the simp argument list.
  simp [b4bcL, byteLit, pairLit, letsL, aps, tNib, cloNib, uNib, cn2Nib, coutNib, List.foldl,
  ̲  ̲ ̲ ̲ ̲ ̲hsteps, hstep, subst, shift, s̵u̵b̵s̵t̵_̵n̵i̵b̵L̵i̵t̵,̵ ̵shift_nibLit, subst_of_closed0, shift_of_closed0, closed,
  ̲  ̲ ̲ ̲ ̲ ̲closed_app, closed_nibLit, closed_nibAddL, closed_nibCarryL, closed_orL, closed_b2nL,
  ̲  ̲ ̲ ̲ ̲ ̲closed_pairSrcL, closed_klL, closed_byteLit]

Note: This linter can be disabled with `set_option linter.unusedSimpArgs false`
src/ISAR/SpecVocabulary.lean:839:24: warning: This simp argument is unused:
  shift_nibLit

Hint: Omit it from the simp argument list.
  simp [b4bcL, byteLit, pairLit, letsL, aps, tNib, cloNib, uNib, cn2Nib, coutNib, List.foldl,
  ̲  ̲ ̲ ̲ ̲ ̲hsteps, hstep, subst, shift, subst_nibLit, s̵h̵i̵f̵t̵_̵n̵i̵b̵L̵i̵t̵,̵subst_of_closed0, shift_of_closed0, closed,
        closed_app, closed_nibLit, closed_nibAddL, closed_nibCarryL, closed_orL, closed_b2nL,
  ̲  ̲ ̲ ̲ ̲ ̲closed_pairSrcL, closed_klL, closed_byteLit]

Note: This linter can be disabled with `set_option linter.unusedSimpArgs false`
src/ISAR/SpecVocabulary.lean:841:10: warning: This simp argument is unused:
  closed

Hint: Omit it from the simp argument list.
  simp [b4bcL, byteLit, pairLit, letsL, aps, tNib, cloNib, uNib, cn2Nib, coutNib, List.foldl,
  ̲  ̲ ̲ ̲ ̲ ̲hsteps, hstep, subst, shift, subst_nibLit, shift_nibLit, subst_of_closed0, shift_of_closed0,
        c̵l̵o̵s̵e̵d̵,̵ ̵closed_app, closed_nibLit, closed_nibAddL, closed_nibCarryL, closed_orL, closed_b2nL,
  ̲  ̲ ̲ ̲ ̲ ̲closed_pairSrcL, closed_klL, closed_byteLit]

Note: This linter can be disabled with `set_option linter.unusedSimpArgs false`
src/ISAR/SpecVocabulary.lean:841:18: warning: This simp argument is unused:
  closed_app

Hint: Omit it from the simp argument list.
  simp [b4bcL, byteLit, pairLit, letsL, aps, tNib, cloNib, uNib, cn2Nib, coutNib, List.foldl,
  ̲  ̲ ̲ ̲ ̲ ̲hsteps, hstep, subst, shift, subst_nibLit, shift_nibLit, subst_of_closed0, shift_of_closed0,
        closed, c̵l̵o̵s̵e̵d̵_̵a̵p̵p̵,̵ ̵closed_nibLit, closed_nibAddL, closed_nibCarryL, closed_orL, closed_b2nL,
  ̲  ̲ ̲ ̲ ̲ ̲closed_pairSrcL, closed_klL, closed_byteLit]

Note: This linter can be disabled with `set_option linter.unusedSimpArgs false`
src/ISAR/SpecVocabulary.lean:842:53: warning: This simp argument is unused:
  closed_pairSrcL

Hint: Omit it from the simp argument list.
  simp [b4bcL, byteLit, pairLit, letsL, aps, tNib, cloNib, uNib, cn2Nib, coutNib, List.foldl,
  ̲  ̲ ̲ ̲ ̲ ̲hsteps, hstep, subst, shift, subst_nibLit, shift_nibLit, subst_of_closed0, shift_of_closed0,
        closed, closed_app, closed_nibLit, closed_nibAddL, closed_nibCarryL, closed_orL, closed_b2nL,
  ̲  ̲ ̲ ̲ ̲ ̲c̵l̵o̵s̵e̵d̵_̵p̵a̵i̵r̵S̵r̵c̵L̵,̵closed_klL, closed_byteLit]

Note: This linter can be disabled with `set_option linter.unusedSimpArgs false`
src/ISAR/SpecVocabulary.lean:843:10: warning: This simp argument is unused:
  closed_klL

Hint: Omit it from the simp argument list.
  simp [b4bcL, byteLit, pairLit, letsL, aps, tNib, cloNib, uNib, cn2Nib, coutNib, List.foldl,
  ̲  ̲ ̲ ̲ ̲ ̲hsteps, hstep, subst, shift, subst_nibLit, shift_nibLit, subst_of_closed0, shift_of_closed0,
        closed, closed_app, closed_nibLit, closed_nibAddL, closed_nibCarryL, closed_orL, closed_b2nL,
  ̲  ̲ ̲ ̲ ̲ ̲closed_pairSrcL, c̵l̵o̵s̵e̵d̵_̵k̵l̵L̵,̵ ̵closed_byteLit]

Note: This linter can be disabled with `set_option linter.unusedSimpArgs false`
src/ISAR/SpecVocabulary.lean:843:22: warning: This simp argument is unused:
  closed_byteLit

Hint: Omit it from the simp argument list.
  simp [b4bcL, byteLit, pairLit, letsL, aps, tNib, cloNib, uNib, cn2Nib, coutNib, List.foldl,
  ̲  ̲ ̲ ̲ ̲ ̲hsteps, hstep, subst, shift, subst_nibLit, shift_nibLit, subst_of_closed0, shift_of_closed0,
        closed, closed_app, closed_nibLit, closed_nibAddL, closed_nibCarryL, closed_orL, closed_b2nL,
  ̲  ̲ ̲ ̲ ̲ ̲closed_pairSrcL, c̵l̵o̵s̵e̵d̵_̵k̵l̵L̵,̵ ̵c̵l̵o̵s̵e̵d̵_̵b̵y̵t̵e̵L̵i̵t̵]̵c̲l̲o̲s̲e̲d̲_̲k̲l̲L̲]̲

Note: This linter can be disabled with `set_option linter.unusedSimpArgs false`
src/ISAR/SpecVocabulary.lean:861:10: warning: This simp argument is unused:
  subst_nibLit

Hint: Omit it from the simp argument list.
  simp [b4bsL, byteLit, pairLit, pairSrcL, letsL, aps, tNib, cloNib, loNib, uNib, cn2Nib, hiNib,
        List.foldl, hsteps, hstep, subst, shift, s̵u̵b̵s̵t̵_̵n̵i̵b̵L̵i̵t̵,̵ ̵shift_nibLit, subst_of_closed0, shift_of_closed0,
        closed, closed_app, closed_nibLit, closed_nibAddL, closed_nibCarryL, closed_orL, closed_b2nL,
  ̲  ̲ ̲ ̲ ̲ ̲closed_pairSrcL, closed_klL, closed_byteLit]

Note: This linter can be disabled with `set_option linter.unusedSimpArgs false`
src/ISAR/SpecVocabulary.lean:861:24: warning: This simp argument is unused:
  shift_nibLit

Hint: Omit it from the simp argument list.
  simp [b4bsL, byteLit, pairLit, pairSrcL, letsL, aps, tNib, cloNib, loNib, uNib, cn2Nib, hiNib,
        List.foldl, hsteps, hstep, subst, shift, subst_nibLit, s̵h̵i̵f̵t̵_̵n̵i̵b̵L̵i̵t̵,̵subst_of_closed0, shift_of_closed0,
  ̲  ̲ ̲ ̲ ̲ ̲closed, closed_app, closed_nibLit, closed_nibAddL, closed_nibCarryL, closed_orL, closed_b2nL,
  ̲  ̲ ̲ ̲ ̲ ̲closed_pairSrcL, closed_klL, closed_byteLit]

Note: This linter can be disabled with `set_option linter.unusedSimpArgs false`
src/ISAR/SpecVocabulary.lean:863:10: warning: This simp argument is unused:
  closed

Hint: Omit it from the simp argument list.
  simp [b4bsL, byteLit, pairLit, pairSrcL, letsL, aps, tNib, cloNib, loNib, uNib, cn2Nib, hiNib,
        List.foldl, hsteps, hstep, subst, shift, subst_nibLit, shift_nibLit, subst_of_closed0,
  ̲  ̲ ̲ ̲ ̲ ̲shift_of_closed0, c̵l̵o̵s̵e̵d̵,̵ ̵closed_app, closed_nibLit, closed_nibAddL, closed_nibCarryL, closed_orL,
  ̲  ̲ ̲ ̲ ̲ ̲closed_b2nL, closed_pairSrcL, closed_klL, closed_byteLit]

Note: This linter can be disabled with `set_option linter.unusedSimpArgs false`
src/ISAR/SpecVocabulary.lean:863:18: warning: This simp argument is unused:
  closed_app

Hint: Omit it from the simp argument list.
  simp [b4bsL, byteLit, pairLit, pairSrcL, letsL, aps, tNib, cloNib, loNib, uNib, cn2Nib, hiNib,
        List.foldl, hsteps, hstep, subst, shift, subst_nibLit, shift_nibLit, subst_of_closed0,
  ̲  ̲ ̲ ̲ ̲ ̲shift_of_closed0, closed, c̵l̵o̵s̵e̵d̵_̵a̵p̵p̵,̵ ̵closed_nibLit, closed_nibAddL, closed_nibCarryL, closed_orL,
  ̲  ̲ ̲ ̲ ̲ ̲closed_b2nL, closed_pairSrcL, closed_klL, closed_byteLit]

Note: This linter can be disabled with `set_option linter.unusedSimpArgs false`
src/ISAR/SpecVocabulary.lean:864:53: warning: This simp argument is unused:
  closed_pairSrcL

Hint: Omit it from the simp argument list.
  simp [b4bsL, byteLit, pairLit, pairSrcL, letsL, aps, tNib, cloNib, loNib, uNib, cn2Nib, hiNib,
        List.foldl, hsteps, hstep, subst, shift, subst_nibLit, shift_nibLit, subst_of_closed0,
  ̲  ̲ ̲ ̲ ̲ ̲shift_of_closed0, closed, closed_app, closed_nibLit, closed_nibAddL, closed_nibCarryL,
  ̲  ̲ ̲ ̲ ̲ ̲closed_orL, closed_b2nL, c̵l̵o̵s̵e̵d̵_̵p̵a̵i̵r̵S̵r̵c̵L̵,̵closed_klL, closed_byteLit]

Note: This linter can be disabled with `set_option linter.unusedSimpArgs false`
src/ISAR/SpecVocabulary.lean:865:10: warning: This simp argument is unused:
  closed_klL

Hint: Omit it from the simp argument list.
  simp [b4bsL, byteLit, pairLit, pairSrcL, letsL, aps, tNib, cloNib, loNib, uNib, cn2Nib, hiNib,
        List.foldl, hsteps, hstep, subst, shift, subst_nibLit, shift_nibLit, subst_of_closed0,
  ̲  ̲ ̲ ̲ ̲ ̲shift_of_closed0, closed, closed_app, closed_nibLit, closed_nibAddL, closed_nibCarryL,
  ̲  ̲ ̲ ̲ ̲ ̲closed_orL, closed_b2nL, closed_pairSrcL, c̵l̵o̵s̵e̵d̵_̵k̵l̵L̵,̵ ̵closed_byteLit]

Note: This linter can be disabled with `set_option linter.unusedSimpArgs false`
src/ISAR/SpecVocabulary.lean:865:22: warning: This simp argument is unused:
  closed_byteLit

Hint: Omit it from the simp argument list.
  simp [b4bsL, byteLit, pairLit, pairSrcL, letsL, aps, tNib, cloNib, loNib, uNib, cn2Nib, hiNib,
        List.foldl, hsteps, hstep, subst, shift, subst_nibLit, shift_nibLit, subst_of_closed0,
  ̲  ̲ ̲ ̲ ̲ ̲shift_of_closed0, closed, closed_app, closed_nibLit, closed_nibAddL, closed_nibCarryL,
  ̲  ̲ ̲ ̲ ̲ ̲closed_orL, closed_b2nL, closed_pairSrcL, c̵l̵o̵s̵e̵d̵_̵k̵l̵L̵,̵ ̵c̵l̵o̵s̵e̵d̵_̵b̵y̵t̵e̵L̵i̵t̵]̵c̲l̲o̲s̲e̲d̲_̲k̲l̲L̲]̲

Note: This linter can be disabled with `set_option linter.unusedSimpArgs false`
src/ISAR/SpecVocabulary.lean:899:8: warning: 'exact closed_mono closed_pairSrcL (Nat.zero_le _)' tactic does nothing

Note: This linter can be disabled with `set_option linter.unusedTactic false`
src/ISAR/SpecVocabulary.lean:900:8: warning: 'exact closed_mono closed_b2nL (Nat.zero_le _)' tactic does nothing

Note: This linter can be disabled with `set_option linter.unusedTactic false`
src/ISAR/SpecVocabulary.lean:901:8: warning: 'exact closed_mono closed_conssL (Nat.zero_le _)' tactic does nothing

Note: This linter can be disabled with `set_option linter.unusedTactic false`
src/ISAR/SpecVocabulary.lean:899:8: warning: this tactic is never executed

Note: This linter can be disabled with `set_option linter.unreachableTactic false`
src/ISAR/SpecVocabulary.lean:900:8: warning: this tactic is never executed

Note: This linter can be disabled with `set_option linter.unreachableTactic false`
src/ISAR/SpecVocabulary.lean:901:8: warning: this tactic is never executed

Note: This linter can be disabled with `set_option linter.unreachableTactic false`
src/ISAR/SpecVocabulary.lean:939:66: warning: This simp argument is unused:
  shift

Hint: Omit it from the simp argument list.
  simp [cellLit, conssL, aps, List.foldl, hsteps, hstep, subst, shift,̵
  ̵ ̵ ̵ ̵ ̵ ̵ ̵ ̵ ̵ ̵ ̵s̵h̵i̵f̵t̵_of_closed0,
  ̲  ̲ ̲ ̲ ̲ ̲subst_of_closed0, closed, hh, ht]

Note: This linter can be disabled with `set_option linter.unusedSimpArgs false`
src/ISAR/SpecVocabulary.lean:940:46: warning: This simp argument is unused:
  closed

Hint: Omit it from the simp argument list.
  simp [cellLit, conssL, aps, List.foldl, hsteps, hstep, subst, shift, shift_of_closed0,
  ̲  ̲ ̲ ̲ ̲ ̲subst_of_closed0, c̵l̵o̵s̵e̵d̵,̵ ̵hh, ht]

Note: This linter can be disabled with `set_option linter.unusedSimpArgs false`
src/ISAR/SpecVocabulary.lean:951:46: warning: This simp argument is unused:
  closed

Hint: Omit it from the simp argument list.
  simp [pairLit, b4stepCont, aps, List.foldl, hsteps, hstep, subst, shift,
  ̵  ̵ ̵ ̵ ̵ ̵ ̵ ̵ ̵ ̵shift_of_closed0,
  ̲  ̲ ̲ ̲ ̲ ̲subst_of_closed0, closed,̵
  ̵ ̵ ̵ ̵ ̵ ̵ ̵ ̵ ̵ ̵ ̵c̵l̵o̵s̵e̵d̵_pairSrcL, closed_b2nL, closed_conssL, hB, hC, hbt, hacc]

Note: This linter can be disabled with `set_option linter.unusedSimpArgs false`
src/ISAR/SpecVocabulary.lean:973:46: warning: This simp argument is unused:
  closed

Hint: Omit it from the simp argument list.
  simp [b4stepL, pairLit, conssL, addbcL, b4stepCont, letsL, aps, List.foldl, hsteps, hstep,
  ̲  ̲ ̲ ̲ ̲ ̲subst, shift, shift_of_closed0, subst_of_closed0, c̵l̵o̵s̵e̵d̵,̵ ̵closed_app, closed_klL, closed_pairSrcL,
  ̲  ̲ ̲ ̲ ̲ ̲closed_b2nL, closed_conssL, closed_nibAddL, closed_nibCarryL, closed_orL, hh, hbh, hbt, hcn,
  ̲  ̲ ̲ ̲ ̲ ̲hacc]

Note: This linter can be disabled with `set_option linter.unusedSimpArgs false`
src/ISAR/SpecVocabulary.lean:973:54: warning: This simp argument is unused:
  closed_app

Hint: Omit it from the simp argument list.
  simp [b4stepL, pairLit, conssL, addbcL, b4stepCont, letsL, aps, List.foldl, hsteps, hstep,
  ̲  ̲ ̲ ̲ ̲ ̲subst, shift, shift_of_closed0, subst_of_closed0, closed, c̵l̵o̵s̵e̵d̵_̵a̵p̵p̵,̵closed_klL, closed_pairSrcL,
  ̲  ̲ ̲ ̲ ̲ ̲closed_b2nL, closed_conssL, closed_nibAddL, closed_nibCarryL, closed_orL, hh, hbh, hbt, hcn,
  ̲  ̲ ̲ ̲ ̲ ̲hacc]

Note: This linter can be disabled with `set_option linter.unusedSimpArgs false`
src/ISAR/SpecVocabulary.lean:974:52: warning: This simp argument is unused:
  closed_conssL

Hint: Omit it from the simp argument list.
  simp [b4stepL, pairLit, conssL, addbcL, b4stepCont, letsL, aps, List.foldl, hsteps, hstep,
  ̲  ̲ ̲ ̲ ̲ ̲subst, shift, shift_of_closed0, subst_of_closed0, closed, closed_app, closed_klL,
  ̲  ̲ ̲ ̲ ̲ ̲closed_pairSrcL, closed_b2nL, c̵l̵o̵s̵e̵d̵_̵c̵o̵n̵s̵s̵L̵,̵closed_nibAddL, closed_nibCarryL, closed_orL, hh, hbh, hbt, hcn,
  ̲  ̲ ̲ ̲ ̲ ̲hacc]

Note: This linter can be disabled with `set_option linter.unusedSimpArgs false`
src/ISAR/SpecVocabulary.lean:1020:27: warning: 'omega' tactic does nothing

Note: This linter can be disabled with `set_option linter.unusedTactic false`
src/ISAR/SpecVocabulary.lean:1020:27: warning: this tactic is never executed

Note: This linter can be disabled with `set_option linter.unreachableTactic false`
src/ISAR/SpecVocabulary.lean:1082:10: warning: This simp argument is unused:
  gsA

Hint: Omit it from the simp argument list.
  simp [gs̵A̵,̵ ̵gg̵bA, GGB, foldlL, wl, foldG, nilL, cellLit, conssL,
  ̵  ̵ ̵ ̵ ̵ ̵ ̵ ̵ ̵ ̵hsteps, hstep, subst, shift,
         ̵ ̵ ̵ ̵shift_of_closed0 hs, shift_of_closed0 hl, shift_of_closed0 ha,
  ̵  ̵ ̵ ̵ ̵ ̵ ̵ ̵ ̵ ̵subst_of_closed0 hs,
  ̲  ̲ ̲ ̲ ̲ ̲subst_of_closed0 hl, subst_of_closed0 ha]

Note: This linter can be disabled with `set_option linter.unusedSimpArgs false`
src/ISAR/SpecVocabulary.lean:1082:45: warning: This simp argument is unused:
  nilL

Hint: Omit it from the simp argument list.
  simp [gsA, ggbA, GGB, foldlL, wl, foldG, n̵i̵l̵L̵,̵ ̵cellLit, conssL,
  ̵  ̵ ̵ ̵ ̵ ̵ ̵ ̵ ̵ ̵hsteps, hstep, subst, shift,
         ̵ ̵ ̵ ̵shift_of_closed0 hs, shift_of_closed0 hl, shift_of_closed0 ha,
  ̵  ̵ ̵ ̵ ̵ ̵ ̵ ̵ ̵ ̵subst_of_closed0 hs,
  ̲  ̲ ̲ ̲ ̲ ̲subst_of_closed0 hl, subst_of_closed0 ha]

Note: This linter can be disabled with `set_option linter.unusedSimpArgs false`
src/ISAR/SpecVocabulary.lean:1082:51: warning: This simp argument is unused:
  cellLit

Hint: Omit it from the simp argument list.
  simp [gsA, ggbA, GGB, foldlL, wl, foldG, nilL, ce̵l̵l̵L̵i̵t̵,̵ ̵c̵onssL,
  ̵  ̵ ̵ ̵ ̵ ̵ ̵ ̵ ̵ ̵hsteps, hstep, subst, shift,
         ̵ ̵ ̵ ̵shift_of_closed0 hs, shift_of_closed0 hl, shift_of_closed0 ha,
  ̵  ̵ ̵ ̵ ̵ ̵ ̵ ̵ ̵ ̵subst_of_closed0 hs,
  ̲  ̲ ̲ ̲ ̲ ̲subst_of_closed0 hl, subst_of_closed0 ha]

Note: This linter can be disabled with `set_option linter.unusedSimpArgs false`
src/ISAR/SpecVocabulary.lean:1082:60: warning: This simp argument is unused:
  conssL

Hint: Omit it from the simp argument list.
  simp [gsA, ggbA, GGB, foldlL, wl, foldG, nilL, cellLit, c̵o̵n̵s̵s̵L̵,̵
  ̵ ̵ ̵ ̵ ̵ ̵ ̵ ̵ ̵ ̵ ̵hsteps, hstep, subst, shift,
         ̵ ̵ ̵ ̵shift_of_closed0 hs, shift_of_closed0 hl, shift_of_closed0 ha,
  ̵  ̵ ̵ ̵ ̵ ̵ ̵ ̵ ̵ ̵subst_of_closed0 hs,
  ̲  ̲ ̲ ̲ ̲ ̲subst_of_closed0 hl, subst_of_closed0 ha]

Note: This linter can be disabled with `set_option linter.unusedSimpArgs false`
src/ISAR/SpecVocabulary.lean:1085:52: warning: This simp argument is unused:
  subst_of_closed0 ha

Hint: Omit it from the simp argument list.
  simp [gsA, ggbA, GGB, foldlL, wl, foldG, nilL, cellLit, conssL, hsteps, hstep, subst, shift,
        shift_of_closed0 hs, shift_of_closed0 hl, shift_of_closed0 ha, subst_of_closed0 hs,
  ̲  ̲ ̲ ̲ ̲ ̲subst_of_closed0 h̵l̵,̵ ̵s̵u̵b̵s̵t̵_̵o̵f̵_̵c̵l̵o̵s̵e̵d̵0̵ ̵h̵a̵]̵h̲l̲]̲

Note: This linter can be disabled with `set_option linter.unusedSimpArgs false`
src/ISAR/SpecVocabulary.lean:1095:10: warning: This simp argument is unused:
  gsA

Hint: Omit it from the simp argument list.
  simp [gs̵A̵,̵ ̵gg̵bA, GGB, foldlL, wl, foldG, nilL, cellLit, conssL,
  ̵  ̵ ̵ ̵ ̵ ̵ ̵ ̵ ̵ ̵hsteps, hstep, subst, shift,
         ̵ ̵ ̵ ̵shift_of_closed0 hs, shift_of_closed0 hh, shift_of_closed0 ht,
  ̵  ̵ ̵ ̵ ̵ ̵ ̵ ̵ ̵ ̵shift_of_closed0 ha,
         ̵ ̵ ̵ ̵subst_of_closed0 hs, subst_of_closed0 hh, subst_of_closed0 ht,
  ̵  ̵ ̵ ̵ ̵ ̵ ̵ ̵ ̵ ̵subst_of_closed0 ha]

Note: This linter can be disabled with `set_option linter.unusedSimpArgs false`
src/ISAR/SpecVocabulary.lean:1095:26: warning: This simp argument is unused:
  foldlL

Hint: Omit it from the simp argument list.
  simp [gsA, ggbA, GGB, f̵o̵l̵d̵l̵L̵,̵ ̵wl, foldG, nilL, cellLit, conssL,
  ̵  ̵ ̵ ̵ ̵ ̵ ̵ ̵ ̵ ̵hsteps, hstep, subst, shift,
         ̵ ̵ ̵ ̵shift_of_closed0 hs, shift_of_closed0 hh, shift_of_closed0 ht,
  ̵  ̵ ̵ ̵ ̵ ̵ ̵ ̵ ̵ ̵shift_of_closed0 ha,
         ̵ ̵ ̵ ̵subst_of_closed0 hs, subst_of_closed0 hh, subst_of_closed0 ht,
  ̵  ̵ ̵ ̵ ̵ ̵ ̵ ̵ ̵ ̵subst_of_closed0 ha]

Note: This linter can be disabled with `set_option linter.unusedSimpArgs false`
src/ISAR/SpecVocabulary.lean:1095:34: warning: This simp argument is unused:
  wl

Hint: Omit it from the simp argument list.
  simp [gsA, ggbA, GGB, foldlL, w̵l̵,̵ ̵foldG, nilL, cellLit, conssL,
  ̵  ̵ ̵ ̵ ̵ ̵ ̵ ̵ ̵ ̵hsteps, hstep, subst, shift,
         ̵ ̵ ̵ ̵shift_of_closed0 hs, shift_of_closed0 hh, shift_of_closed0 ht,
  ̵  ̵ ̵ ̵ ̵ ̵ ̵ ̵ ̵ ̵shift_of_closed0 ha,
         ̵ ̵ ̵ ̵subst_of_closed0 hs, subst_of_closed0 hh, subst_of_closed0 ht,
  ̵  ̵ ̵ ̵ ̵ ̵ ̵ ̵ ̵ ̵subst_of_closed0 ha]

Note: This linter can be disabled with `set_option linter.unusedSimpArgs false`
src/ISAR/SpecVocabulary.lean:1095:45: warning: This simp argument is unused:
  nilL

Hint: Omit it from the simp argument list.
  simp [gsA, ggbA, GGB, foldlL, wl, foldG, n̵i̵l̵L̵,̵ ̵cellLit, conssL,
  ̵  ̵ ̵ ̵ ̵ ̵ ̵ ̵ ̵ ̵hsteps, hstep, subst, shift,
         ̵ ̵ ̵ ̵shift_of_closed0 hs, shift_of_closed0 hh, shift_of_closed0 ht,
  ̵  ̵ ̵ ̵ ̵ ̵ ̵ ̵ ̵ ̵shift_of_closed0 ha,
         ̵ ̵ ̵ ̵subst_of_closed0 hs, subst_of_closed0 hh, subst_of_closed0 ht,
  ̵  ̵ ̵ ̵ ̵ ̵ ̵ ̵ ̵ ̵subst_of_closed0 ha]

Note: This linter can be disabled with `set_option linter.unusedSimpArgs false`
src/ISAR/SpecVocabulary.lean:1095:60: warning: This simp argument is unused:
  conssL

Hint: Omit it from the simp argument list.
  simp [gsA, ggbA, GGB, foldlL, wl, foldG, nilL, cellLit, c̵o̵n̵s̵s̵L̵,̵
  ̵ ̵ ̵ ̵ ̵ ̵ ̵ ̵ ̵ ̵ ̵hsteps, hstep, subst, shift,
         ̵ ̵ ̵ ̵shift_of_closed0 hs, shift_of_closed0 hh, shift_of_closed0 ht,
  ̵  ̵ ̵ ̵ ̵ ̵ ̵ ̵ ̵ ̵shift_of_closed0 ha,
         ̵ ̵ ̵ ̵subst_of_closed0 hs, subst_of_closed0 hh, subst_of_closed0 ht,
  ̵  ̵ ̵ ̵ ̵ ̵ ̵ ̵ ̵ ̵subst_of_closed0 ha]

Note: This linter can be disabled with `set_option linter.unusedSimpArgs false`
src/ISAR/SpecVocabulary.lean:1107:10: warning: This simp argument is unused:
  gsA

Hint: Omit it from the simp argument list.
  simp [gs̵A̵,̵ ̵gg̵bA, GGB, foldlL, wl, foldG, nilL, cellLit, conssL,
  ̵  ̵ ̵ ̵ ̵ ̵ ̵ ̵ ̵ ̵hsteps, hstep, subst, shift,
         ̵ ̵ ̵ ̵shift_of_closed0 hs, shift_of_closed0 ha,
  ̵  ̵ ̵ ̵ ̵ ̵ ̵ ̵ ̵ ̵subst_of_closed0 hs, subst_of_closed0 ha]

Note: This linter can be disabled with `set_option linter.unusedSimpArgs false`
src/ISAR/SpecVocabulary.lean:1107:26: warning: This simp argument is unused:
  foldlL

Hint: Omit it from the simp argument list.
  simp [gsA, ggbA, GGB, f̵o̵l̵d̵l̵L̵,̵ ̵wl, foldG, nilL, cellLit, conssL,
  ̵  ̵ ̵ ̵ ̵ ̵ ̵ ̵ ̵ ̵hsteps, hstep, subst, shift,
         ̵ ̵ ̵ ̵shift_of_closed0 hs, shift_of_closed0 ha,
  ̵  ̵ ̵ ̵ ̵ ̵ ̵ ̵ ̵ ̵subst_of_closed0 hs, subst_of_closed0 ha]

Note: This linter can be disabled with `set_option linter.unusedSimpArgs false`
src/ISAR/SpecVocabulary.lean:1107:34: warning: This simp argument is unused:
  wl

Hint: Omit it from the simp argument list.
  simp [gsA, ggbA, GGB, foldlL, w̵l̵,̵ ̵foldG, nilL, cellLit, conssL,
  ̵  ̵ ̵ ̵ ̵ ̵ ̵ ̵ ̵ ̵hsteps, hstep, subst, shift,
         ̵ ̵ ̵ ̵shift_of_closed0 hs, shift_of_closed0 ha,
  ̵  ̵ ̵ ̵ ̵ ̵ ̵ ̵ ̵ ̵subst_of_closed0 hs, subst_of_closed0 ha]

Note: This linter can be disabled with `set_option linter.unusedSimpArgs false`
src/ISAR/SpecVocabulary.lean:1107:51: warning: This simp argument is unused:
  cellLit

Hint: Omit it from the simp argument list.
  simp [gsA, ggbA, GGB, foldlL, wl, foldG, nilL, ce̵l̵l̵L̵i̵t̵,̵ ̵c̵onssL,
  ̵  ̵ ̵ ̵ ̵ ̵ ̵ ̵ ̵ ̵hsteps, hstep, subst, shift,
         ̵ ̵ ̵ ̵shift_of_closed0 hs, shift_of_closed0 ha,
  ̵  ̵ ̵ ̵ ̵ ̵ ̵ ̵ ̵ ̵subst_of_closed0 hs, subst_of_closed0 ha]

Note: This linter can be disabled with `set_option linter.unusedSimpArgs false`
src/ISAR/SpecVocabulary.lean:1107:60: warning: This simp argument is unused:
  conssL

Hint: Omit it from the simp argument list.
  simp [gsA, ggbA, GGB, foldlL, wl, foldG, nilL, cellLit, c̵o̵n̵s̵s̵L̵,̵
  ̵ ̵ ̵ ̵ ̵ ̵ ̵ ̵ ̵ ̵ ̵hsteps, hstep, subst, shift,
         ̵ ̵ ̵ ̵shift_of_closed0 hs, shift_of_closed0 ha,
  ̵  ̵ ̵ ̵ ̵ ̵ ̵ ̵ ̵ ̵subst_of_closed0 hs, subst_of_closed0 ha]

Note: This linter can be disabled with `set_option linter.unusedSimpArgs false`
src/ISAR/SpecVocabulary.lean:1267:30: warning: Variable name `hl` is not explicitly referenced.

The binding can be removed (if unused) or named `_` (if used implicitly).

Note: This linter can be disabled with `set_option linter.unusedVariables false`
src/ISAR/SpecVocabulary.lean:1270:10: warning: This simp argument is unused:
  gsRA

Hint: Omit it from the simp argument list.
  simp [g̵s̵R̵A̵,̵ ̵rgrA, fixrA, RGR, fixrG, wl, nilL, cellLit, conssL,
  ̵  ̵ ̵ ̵ ̵ ̵ ̵ ̵ ̵ ̵hsteps, hstep, subst, shift,
         ̵ ̵ ̵ ̵shift_of_closed0 hs, shift_of_closed0 hz,
  ̵  ̵ ̵ ̵ ̵ ̵ ̵ ̵ ̵ ̵subst_of_closed0 hs, subst_of_closed0 hz]

Note: This linter can be disabled with `set_option linter.unusedSimpArgs false`
src/ISAR/SpecVocabulary.lean:1270:45: warning: This simp argument is unused:
  nilL

Hint: Omit it from the simp argument list.
  simp [gsRA, rgrA, fixrA, RGR, fixrG, wl, n̵i̵l̵L̵,̵ ̵cellLit, conssL,
  ̵  ̵ ̵ ̵ ̵ ̵ ̵ ̵ ̵ ̵hsteps, hstep, subst, shift,
         ̵ ̵ ̵ ̵shift_of_closed0 hs, shift_of_closed0 hz,
  ̵  ̵ ̵ ̵ ̵ ̵ ̵ ̵ ̵ ̵subst_of_closed0 hs, subst_of_closed0 hz]

Note: This linter can be disabled with `set_option linter.unusedSimpArgs false`
src/ISAR/SpecVocabulary.lean:1270:51: warning: This simp argument is unused:
  cellLit

Hint: Omit it from the simp argument list.
  simp [gsRA, rgrA, fixrA, RGR, fixrG, wl, nilL, ce̵l̵l̵L̵i̵t̵,̵ ̵c̵onssL,
  ̵  ̵ ̵ ̵ ̵ ̵ ̵ ̵ ̵ ̵hsteps, hstep, subst, shift,
         ̵ ̵ ̵ ̵shift_of_closed0 hs, shift_of_closed0 hz,
  ̵  ̵ ̵ ̵ ̵ ̵ ̵ ̵ ̵ ̵subst_of_closed0 hs, subst_of_closed0 hz]

Note: This linter can be disabled with `set_option linter.unusedSimpArgs false`
src/ISAR/SpecVocabulary.lean:1270:60: warning: This simp argument is unused:
  conssL

Hint: Omit it from the simp argument list.
  simp [gsRA, rgrA, fixrA, RGR, fixrG, wl, nilL, cellLit, c̵o̵n̵s̵s̵L̵,̵
  ̵ ̵ ̵ ̵ ̵ ̵ ̵ ̵ ̵ ̵ ̵hsteps, hstep, subst, shift,
         ̵ ̵ ̵ ̵shift_of_closed0 hs, shift_of_closed0 hz,
  ̵  ̵ ̵ ̵ ̵ ̵ ̵ ̵ ̵ ̵subst_of_closed0 hs, subst_of_closed0 hz]

Note: This linter can be disabled with `set_option linter.unusedSimpArgs false`
src/ISAR/SpecVocabulary.lean:1281:10: warning: This simp argument is unused:
  gsRA

Hint: Omit it from the simp argument list.
  simp [g̵s̵R̵A̵,̵ ̵rgrA, RGR, fixrG, wl, nilL, cellLit, conssL,
  ̵  ̵ ̵ ̵ ̵ ̵ ̵ ̵ ̵ ̵hsteps, hstep, subst, shift,
         ̵ ̵ ̵ ̵shift_of_closed0 hs, shift_of_closed0 hz,
  ̵  ̵ ̵ ̵ ̵ ̵ ̵ ̵ ̵ ̵subst_of_closed0 hs, subst_of_closed0 hz]

Note: This linter can be disabled with `set_option linter.unusedSimpArgs false`
src/ISAR/SpecVocabulary.lean:1281:34: warning: This simp argument is unused:
  wl

Hint: Omit it from the simp argument list.
  simp [gsRA, rgrA, RGR, fixrG, w̵l̵,̵ ̵nilL, cellLit, conssL,
  ̵  ̵ ̵ ̵ ̵ ̵ ̵ ̵ ̵ ̵hsteps, hstep, subst, shift,
         ̵ ̵ ̵ ̵shift_of_closed0 hs, shift_of_closed0 hz,
  ̵  ̵ ̵ ̵ ̵ ̵ ̵ ̵ ̵ ̵subst_of_closed0 hs, subst_of_closed0 hz]

Note: This linter can be disabled with `set_option linter.unusedSimpArgs false`
src/ISAR/SpecVocabulary.lean:1281:44: warning: This simp argument is unused:
  cellLit

Hint: Omit it from the simp argument list.
  simp [gsRA, rgrA, RGR, fixrG, wl, nilL, ce̵l̵l̵L̵i̵t̵,̵ ̵c̵onssL,
  ̵  ̵ ̵ ̵ ̵ ̵ ̵ ̵ ̵ ̵hsteps, hstep, subst, shift,
         ̵ ̵ ̵ ̵shift_of_closed0 hs, shift_of_closed0 hz,
  ̵  ̵ ̵ ̵ ̵ ̵ ̵ ̵ ̵ ̵subst_of_closed0 hs, subst_of_closed0 hz]

Note: This linter can be disabled with `set_option linter.unusedSimpArgs false`
src/ISAR/SpecVocabulary.lean:1281:53: warning: This simp argument is unused:
  conssL

Hint: Omit it from the simp argument list.
  simp [gsRA, rgrA, RGR, fixrG, wl, nilL, cellLit, c̵o̵n̵s̵s̵L̵,̵
  ̵ ̵ ̵ ̵ ̵ ̵ ̵ ̵ ̵ ̵ ̵hsteps, hstep, subst, shift,
         ̵ ̵ ̵ ̵shift_of_closed0 hs, shift_of_closed0 hz,
  ̵  ̵ ̵ ̵ ̵ ̵ ̵ ̵ ̵ ̵subst_of_closed0 hs, subst_of_closed0 hz]

Note: This linter can be disabled with `set_option linter.unusedSimpArgs false`
src/ISAR/SpecVocabulary.lean:1297:34: warning: This simp argument is unused:
  wl

Hint: Omit it from the simp argument list.
  simp [gsRA, rgrA, RGR, fixrG, w̵l̵,̵ ̵nilL, cellLit, conssL,
  ̵  ̵ ̵ ̵ ̵ ̵ ̵ ̵ ̵ ̵hsteps, hstep, subst, shift,
         ̵ ̵ ̵ ̵shift_of_closed0 hs, shift_of_closed0 hz, shift_of_closed0 hh,
  ̵  ̵ ̵ ̵ ̵ ̵ ̵ ̵ ̵ ̵shift_of_closed0 ht,
         ̵ ̵ ̵ ̵subst_of_closed0 hs, subst_of_closed0 hz, subst_of_closed0 hh,
  ̵  ̵ ̵ ̵ ̵ ̵ ̵ ̵ ̵ ̵subst_of_closed0 ht]

Note: This linter can be disabled with `set_option linter.unusedSimpArgs false`
src/ISAR/SpecVocabulary.lean:1297:38: warning: This simp argument is unused:
  nilL

Hint: Omit it from the simp argument list.
  simp [gsRA, rgrA, RGR, fixrG, wl, n̵i̵l̵L̵,̵ ̵cellLit, conssL,
  ̵  ̵ ̵ ̵ ̵ ̵ ̵ ̵ ̵ ̵hsteps, hstep, subst, shift,
         ̵ ̵ ̵ ̵shift_of_closed0 hs, shift_of_closed0 hz, shift_of_closed0 hh,
  ̵  ̵ ̵ ̵ ̵ ̵ ̵ ̵ ̵ ̵shift_of_closed0 ht,
         ̵ ̵ ̵ ̵subst_of_closed0 hs, subst_of_closed0 hz, subst_of_closed0 hh,
  ̵  ̵ ̵ ̵ ̵ ̵ ̵ ̵ ̵ ̵subst_of_closed0 ht]

Note: This linter can be disabled with `set_option linter.unusedSimpArgs false`
src/ISAR/SpecVocabulary.lean:1297:53: warning: This simp argument is unused:
  conssL

Hint: Omit it from the simp argument list.
  simp [gsRA, rgrA, RGR, fixrG, wl, nilL, cellLit, c̵o̵n̵s̵s̵L̵,̵
  ̵ ̵ ̵ ̵ ̵ ̵ ̵ ̵ ̵ ̵ ̵hsteps, hstep, subst, shift,
         ̵ ̵ ̵ ̵shift_of_closed0 hs, shift_of_closed0 hz, shift_of_closed0 hh,
  ̵  ̵ ̵ ̵ ̵ ̵ ̵ ̵ ̵ ̵shift_of_closed0 ht,
         ̵ ̵ ̵ ̵subst_of_closed0 hs, subst_of_closed0 hz, subst_of_closed0 hh,
  ̵  ̵ ̵ ̵ ̵ ̵ ̵ ̵ ̵ ̵subst_of_closed0 ht]

Note: This linter can be disabled with `set_option linter.unusedSimpArgs false`
src/ISAR/SpecVocabulary.lean:1453:56: warning: This simp argument is unused:
  List.drop_zero

Hint: Omit it from the simp argument list.
  simp only [scottList, List.map_nil, List.foldr_nil, L̵i̵s̵t̵.̵d̵r̵o̵p̵_̵z̵e̵r̵o̵,̵
  ̵ ̵ ̵ ̵ ̵ ̵ ̵ ̵ ̵ ̵ ̵ ̵ ̵ ̵ ̵ ̵carryAfter, resList, List.reverse_nil]

Note: This linter can be disabled with `set_option linter.unusedSimpArgs false`
src/ISAR/SpecVocabulary.lean:1514:46: warning: This simp argument is unused:
  closed

Hint: Omit it from the simp argument list.
  simp [b4finL, pairLit, hsteps, hstep, subst, shift, shift_of_closed0, subst_of_closed0,
  ̲  ̲ ̲ ̲ ̲ ̲c̵l̵o̵s̵e̵d̵,̵ ̵closed_app, hx, hcn, hacc, closed_revL]

Note: This linter can be disabled with `set_option linter.unusedSimpArgs false`
src/ISAR/SpecVocabulary.lean:1514:54: warning: This simp argument is unused:
  closed_app

Hint: Omit it from the simp argument list.
  simp [b4finL, pairLit, hsteps, hstep, subst, shift, shift_of_closed0, subst_of_closed0, closed,
  ̲  ̲ ̲ ̲ ̲ ̲c̵l̵o̵s̵e̵d̵_̵a̵p̵p̵,̵hx, hcn, hacc, closed_revL]

Note: This linter can be disabled with `set_option linter.unusedSimpArgs false`
src/ISAR/SpecVocabulary.lean:1522:45: warning: This simp argument is unused:
  shift

Hint: Omit it from the simp argument list.
  simp [cellLit, conssL, stepConsL, subst, s̵h̵i̵f̵t̵,̵ ̵hsteps, hstep, shift_of_closed0 hh,
  ̲  ̲ ̲ ̲ ̲ ̲shift_of_closed0 ha, subst_of_closed0 hh, subst_of_closed0 ha]

Note: This linter can be disabled with `set_option linter.unusedSimpArgs false`
src/ISAR/SpecVocabulary.lean:1550:34: warning: This simp argument is unused:
  shift

Hint: Omit it from the simp argument list.
  simp [revL, aps, List.foldl, hsteps, hstep, subst, s̵h̵i̵f̵t̵,̵shift_of_closed0, subst_of_closed0, closed,
  ̲  ̲ ̲ ̲ ̲ ̲ ̲ ̲closed_app, hl, closed_stepConsL, closed_foldlL, closed_klL]

Note: This linter can be disabled with `set_option linter.unusedSimpArgs false`
src/ISAR/SpecVocabulary.lean:1551:48: warning: This simp argument is unused:
  closed

Hint: Omit it from the simp argument list.
  simp [revL, aps, List.foldl, hsteps, hstep, subst, shift, shift_of_closed0, subst_of_closed0,
  ̲  ̲ ̲ ̲ ̲ ̲ ̲ ̲c̵l̵o̵s̵e̵d̵,̵ ̵closed_app, hl, closed_stepConsL, closed_foldlL, closed_klL]

Note: This linter can be disabled with `set_option linter.unusedSimpArgs false`
src/ISAR/SpecVocabulary.lean:1551:56: warning: This simp argument is unused:
  closed_app

Hint: Omit it from the simp argument list.
  simp [revL, aps, List.foldl, hsteps, hstep, subst, shift, shift_of_closed0, subst_of_closed0,
  ̲  ̲ ̲ ̲ ̲ ̲ ̲ ̲closed, c̵l̵o̵s̵e̵d̵_̵a̵p̵p̵,̵hl, closed_stepConsL, closed_foldlL, closed_klL]

Note: This linter can be disabled with `set_option linter.unusedSimpArgs false`
src/ISAR/SpecVocabulary.lean:1577:59: warning: This simp argument is unused:
  shift

Hint: Omit it from the simp argument list.
  simp [b4addL, aps, List.foldl, hsteps, hstep, subst, shift,̵
  ̵ ̵ ̵ ̵ ̵ ̵ ̵ ̵ ̵ ̵ ̵ ̵ ̵s̵h̵i̵f̵t̵_of_closed0, subst_of_closed0,
  ̲  ̲ ̲ ̲ ̲ ̲ ̲ ̲closed, closed_app,
  ̵  ̵ ̵ ̵ ̵ ̵ ̵ ̵ ̵ ̵ ̵ ̵closed_b4stepL, closed_b4finL, closed_foldlL, closed_pairSrcL,
           ̵ ̵ ̵ ̵closed_nibLit, closed_klL, closed_b4Lit]

Note: This linter can be disabled with `set_option linter.unusedSimpArgs false`
src/ISAR/SpecVocabulary.lean:1578:48: warning: This simp argument is unused:
  closed

Hint: Omit it from the simp argument list.
  simp [b4addL, aps, List.foldl, hsteps, hstep, subst, shift,
  ̵  ̵ ̵ ̵ ̵ ̵ ̵ ̵ ̵ ̵ ̵ ̵shift_of_closed0,
  ̲  ̲ ̲ ̲ ̲ ̲ ̲ ̲subst_of_closed0, closed,̵ ̵c̵l̵o̵s̵e̵d̵_app,
  ̵  ̵ ̵ ̵ ̵ ̵ ̵ ̵ ̵ ̵ ̵ ̵closed_b4stepL, closed_b4finL, closed_foldlL, closed_pairSrcL,
           ̵ ̵ ̵ ̵closed_nibLit, closed_klL, closed_b4Lit]

Note: This linter can be disabled with `set_option linter.unusedSimpArgs false`
src/ISAR/SpecVocabulary.lean:1578:56: warning: This simp argument is unused:
  closed_app

Hint: Omit it from the simp argument list.
  simp [b4addL, aps, List.foldl, hsteps, hstep, subst, shift, shift_of_closed0,
  ̲  ̲ ̲ ̲ ̲ ̲ ̲ ̲subst_of_closed0, closed, c̵l̵o̵s̵e̵d̵_̵a̵p̵p̵,̵closed_b4stepL, closed_b4finL, closed_foldlL, closed_pairSrcL,
  ̲  ̲ ̲ ̲ ̲ ̲ ̲ ̲closed_nibLit, closed_klL, closed_b4Lit]

Note: This linter can be disabled with `set_option linter.unusedSimpArgs false`
src/ISAR/SpecVocabulary.lean:1669:15: warning: Used `tac1 <;> tac2` where `(tac1; tac2)` would suffice

Note: This linter can be disabled with `set_option linter.unnecessarySeqFocus false`
src/ISAR/SpecVocabulary.lean:1697:49: warning: This simp argument is unused:
  List.map

Hint: Omit it from the simp argument list.
  simp [b4claL, claSpine, claBC, claBS, b4Lit, peelK, letsL, conssL, aps, List.foldl,
  ̲  ̲ ̲ ̲ ̲ ̲ ̲ ̲List.foldr, L̵i̵s̵t̵.̵m̵a̵p̵,̵List.foldr_cons, List.foldr_nil, List.map_cons, List.map_nil, hsteps, hstep,
  ̲  ̲ ̲ ̲ ̲ ̲ ̲ ̲subst, shift, subst_nibLit, shift_nibLit, subst_of_closed0, shift_of_closed0, closed,
          closed_app, closed_nibLit, closed_nibAddL, closed_nibCarryL, closed_orL, closed_andL,
  ̲  ̲ ̲ ̲ ̲ ̲ ̲ ̲closed_b2nL, closed_pairSrcL, closed_klL, closed_byteLit, closed_b4bcL, closed_b4bsL]

Note: This linter can be disabled with `set_option linter.unusedSimpArgs false`
src/ISAR/SpecVocabulary.lean:1698:12: warning: This simp argument is unused:
  List.foldr_cons

Hint: Omit it from the simp argument list.
  simp [b4claL, claSpine, claBC, claBS, b4Lit, peelK, letsL, conssL, aps, List.foldl,
  ̲  ̲ ̲ ̲ ̲ ̲ ̲ ̲List.foldr, List.map, L̵i̵s̵t̵.̵f̵o̵l̵d̵r̵_̵c̵o̵n̵s̵,̵ ̵List.foldr_nil, List.map_cons, List.map_nil, hsteps, hstep, subst,
  ̲  ̲ ̲ ̲ ̲ ̲ ̲ ̲shift, subst_nibLit, shift_nibLit, subst_of_closed0, shift_of_closed0, closed, closed_app,
  ̲  ̲ ̲ ̲ ̲ ̲ ̲ ̲closed_nibLit, closed_nibAddL, closed_nibCarryL, closed_orL, closed_andL, closed_b2nL,
          closed_pairSrcL, closed_klL, closed_byteLit, closed_b4bcL, closed_b4bsL]

Note: This linter can be disabled with `set_option linter.unusedSimpArgs false`
src/ISAR/SpecVocabulary.lean:1698:29: warning: This simp argument is unused:
  List.foldr_nil

Hint: Omit it from the simp argument list.
  simp [b4claL, claSpine, claBC, claBS, b4Lit, peelK, letsL, conssL, aps, List.foldl,
  ̲  ̲ ̲ ̲ ̲ ̲ ̲ ̲List.foldr, List.map, List.foldr_cons, L̵i̵s̵t̵.̵f̵o̵l̵d̵r̵_̵n̵i̵l̵,̵ ̵List.map_cons, List.map_nil, hsteps, hstep, subst,
  ̲  ̲ ̲ ̲ ̲ ̲ ̲ ̲shift, subst_nibLit, shift_nibLit, subst_of_closed0, shift_of_closed0, closed, closed_app,
  ̲  ̲ ̲ ̲ ̲ ̲ ̲ ̲closed_nibLit, closed_nibAddL, closed_nibCarryL, closed_orL, closed_andL, closed_b2nL,
          closed_pairSrcL, closed_klL, closed_byteLit, closed_b4bcL, closed_b4bsL]

Note: This linter can be disabled with `set_option linter.unusedSimpArgs false`
src/ISAR/SpecVocabulary.lean:1698:45: warning: This simp argument is unused:
  List.map_cons

Hint: Omit it from the simp argument list.
  simp [b4claL, claSpine, claBC, claBS, b4Lit, peelK, letsL, conssL, aps, List.foldl,
  ̲  ̲ ̲ ̲ ̲ ̲ ̲ ̲List.foldr, List.map, List.foldr_cons, List.foldr_nil, L̵i̵s̵t̵.̵m̵a̵p̵_̵c̵o̵n̵s̵,̵ ̵List.map_nil, hsteps, hstep, subst,
  ̲  ̲ ̲ ̲ ̲ ̲ ̲ ̲shift, subst_nibLit, shift_nibLit, subst_of_closed0, shift_of_closed0, closed, closed_app,
  ̲  ̲ ̲ ̲ ̲ ̲ ̲ ̲closed_nibLit, closed_nibAddL, closed_nibCarryL, closed_orL, closed_andL, closed_b2nL,
          closed_pairSrcL, closed_klL, closed_byteLit, closed_b4bcL, closed_b4bsL]

Note: This linter can be disabled with `set_option linter.unusedSimpArgs false`
src/ISAR/SpecVocabulary.lean:1698:60: warning: This simp argument is unused:
  List.map_nil

Hint: Omit it from the simp argument list.
  simp [b4claL, claSpine, claBC, claBS, b4Lit, peelK, letsL, conssL, aps, List.foldl,
  ̲  ̲ ̲ ̲ ̲ ̲ ̲ ̲List.foldr, List.map, List.foldr_cons, List.foldr_nil, List.map_cons, L̵i̵s̵t̵.̵m̵a̵p̵_̵n̵i̵l̵,̵hsteps, hstep, subst,
  ̲  ̲ ̲ ̲ ̲ ̲ ̲ ̲shift, subst_nibLit, shift_nibLit, subst_of_closed0, shift_of_closed0, closed, closed_app,
  ̲  ̲ ̲ ̲ ̲ ̲ ̲ ̲closed_nibLit, closed_nibAddL, closed_nibCarryL, closed_orL, closed_andL, closed_b2nL,
  ̲  ̲ ̲ ̲ ̲ ̲ ̲ ̲closed_pairSrcL, closed_klL, closed_byteLit, closed_b4bcL, closed_b4bsL]

Note: This linter can be disabled with `set_option linter.unusedSimpArgs false`
src/ISAR/SpecVocabulary.lean:1700:12: warning: This simp argument is unused:
  subst_nibLit

Hint: Omit it from the simp argument list.
  simp [b4claL, claSpine, claBC, claBS, b4Lit, peelK, letsL, conssL, aps, List.foldl,
  ̲  ̲ ̲ ̲ ̲ ̲ ̲ ̲List.foldr, List.map, List.foldr_cons, List.foldr_nil, List.map_cons, List.map_nil, hsteps,
  ̲  ̲ ̲ ̲ ̲ ̲ ̲ ̲hstep, subst, shift, s̵u̵b̵s̵t̵_̵n̵i̵b̵L̵i̵t̵,̵ ̵shift_nibLit, subst_of_closed0, shift_of_closed0, closed, closed_app,
  ̲  ̲ ̲ ̲ ̲ ̲ ̲ ̲closed_nibLit, closed_nibAddL, closed_nibCarryL, closed_orL, closed_andL, closed_b2nL,
          closed_pairSrcL, closed_klL, closed_byteLit, closed_b4bcL, closed_b4bsL]

Note: This linter can be disabled with `set_option linter.unusedSimpArgs false`
src/ISAR/SpecVocabulary.lean:1700:26: warning: This simp argument is unused:
  shift_nibLit

Hint: Omit it from the simp argument list.
  simp [b4claL, claSpine, claBC, claBS, b4Lit, peelK, letsL, conssL, aps, List.foldl,
  ̲  ̲ ̲ ̲ ̲ ̲ ̲ ̲List.foldr, List.map, List.foldr_cons, List.foldr_nil, List.map_cons, List.map_nil, hsteps,
  ̲  ̲ ̲ ̲ ̲ ̲ ̲ ̲hstep, subst, shift, subst_nibLit, s̵h̵i̵f̵t̵_̵n̵i̵b̵L̵i̵t̵,̵ ̵subst_of_closed0, shift_of_closed0, closed, closed_app,
  ̲  ̲ ̲ ̲ ̲ ̲ ̲ ̲closed_nibLit, closed_nibAddL, closed_nibCarryL, closed_orL, closed_andL, closed_b2nL,
          closed_pairSrcL, closed_klL, closed_byteLit, closed_b4bcL, closed_b4bsL]

Note: This linter can be disabled with `set_option linter.unusedSimpArgs false`
src/ISAR/SpecVocabulary.lean:1701:12: warning: This simp argument is unused:
  closed

Hint: Omit it from the simp argument list.
  simp [b4claL, claSpine, claBC, claBS, b4Lit, peelK, letsL, conssL, aps, List.foldl,
  ̲  ̲ ̲ ̲ ̲ ̲ ̲ ̲List.foldr, List.map, List.foldr_cons, List.foldr_nil, List.map_cons, List.map_nil, hsteps,
  ̲  ̲ ̲ ̲ ̲ ̲ ̲ ̲hstep, subst, shift, subst_nibLit, shift_nibLit, subst_of_closed0, shift_of_closed0,
          c̵l̵o̵s̵e̵d̵,̵ ̵closed_app, closed_nibLit, closed_nibAddL, closed_nibCarryL, closed_orL, closed_andL,
  ̲  ̲ ̲ ̲ ̲ ̲ ̲ ̲closed_b2nL, closed_pairSrcL, closed_klL, closed_byteLit, closed_b4bcL, closed_b4bsL]

Note: This linter can be disabled with `set_option linter.unusedSimpArgs false`
src/ISAR/SpecVocabulary.lean:1701:20: warning: This simp argument is unused:
  closed_app

Hint: Omit it from the simp argument list.
  simp [b4claL, claSpine, claBC, claBS, b4Lit, peelK, letsL, conssL, aps, List.foldl,
  ̲  ̲ ̲ ̲ ̲ ̲ ̲ ̲List.foldr, List.map, List.foldr_cons, List.foldr_nil, List.map_cons, List.map_nil, hsteps,
  ̲  ̲ ̲ ̲ ̲ ̲ ̲ ̲hstep, subst, shift, subst_nibLit, shift_nibLit, subst_of_closed0, shift_of_closed0, closed,
  ̲  ̲ ̲ ̲ ̲ ̲ ̲ ̲c̵l̵o̵s̵e̵d̵_̵a̵p̵p̵,̵ ̵closed_nibLit, closed_nibAddL, closed_nibCarryL, closed_orL, closed_andL, closed_b2nL,
          closed_pairSrcL, closed_klL, closed_byteLit, closed_b4bcL, closed_b4bsL]

Note: This linter can be disabled with `set_option linter.unusedSimpArgs false`
src/ISAR/SpecVocabulary.lean:1701:47: warning: This simp argument is unused:
  closed_nibAddL

Hint: Omit it from the simp argument list.
  simp [b4claL, claSpine, claBC, claBS, b4Lit, peelK, letsL, conssL, aps, List.foldl,
  ̲  ̲ ̲ ̲ ̲ ̲ ̲ ̲List.foldr, List.map, List.foldr_cons, List.foldr_nil, List.map_cons, List.map_nil, hsteps,
  ̲  ̲ ̲ ̲ ̲ ̲ ̲ ̲hstep, subst, shift, subst_nibLit, shift_nibLit, subst_of_closed0, shift_of_closed0, closed,
  ̲  ̲ ̲ ̲ ̲ ̲ ̲ ̲closed_app, closed_nibLit, c̵l̵o̵s̵e̵d̵_̵n̵i̵b̵A̵d̵d̵L̵,̵closed_nibCarryL, closed_orL, closed_andL, closed_b2nL,
  ̲  ̲ ̲ ̲ ̲ ̲ ̲ ̲closed_pairSrcL, closed_klL, closed_byteLit, closed_b4bcL, closed_b4bsL]

Note: This linter can be disabled with `set_option linter.unusedSimpArgs false`
src/ISAR/SpecVocabulary.lean:1702:12: warning: This simp argument is unused:
  closed_nibCarryL

Hint: Omit it from the simp argument list.
  simp [b4claL, claSpine, claBC, claBS, b4Lit, peelK, letsL, conssL, aps, List.foldl,
  ̲  ̲ ̲ ̲ ̲ ̲ ̲ ̲List.foldr, List.map, List.foldr_cons, List.foldr_nil, List.map_cons, List.map_nil, hsteps,
  ̲  ̲ ̲ ̲ ̲ ̲ ̲ ̲hstep, subst, shift, subst_nibLit, shift_nibLit, subst_of_closed0, shift_of_closed0, closed,
  ̲  ̲ ̲ ̲ ̲ ̲ ̲ ̲closed_app, closed_nibLit, closed_nibAddL, c̵l̵o̵s̵e̵d̵_̵n̵i̵b̵C̵a̵r̵r̵y̵L̵,̵ ̵closed_orL, closed_andL, closed_b2nL,
          closed_pairSrcL, closed_klL, closed_byteLit, closed_b4bcL, closed_b4bsL]

Note: This linter can be disabled with `set_option linter.unusedSimpArgs false`
src/ISAR/SpecVocabulary.lean:1703:12: warning: This simp argument is unused:
  closed_pairSrcL

Hint: Omit it from the simp argument list.
  simp [b4claL, claSpine, claBC, claBS, b4Lit, peelK, letsL, conssL, aps, List.foldl,
  ̲  ̲ ̲ ̲ ̲ ̲ ̲ ̲List.foldr, List.map, List.foldr_cons, List.foldr_nil, List.map_cons, List.map_nil, hsteps,
  ̲  ̲ ̲ ̲ ̲ ̲ ̲ ̲hstep, subst, shift, subst_nibLit, shift_nibLit, subst_of_closed0, shift_of_closed0, closed,
  ̲  ̲ ̲ ̲ ̲ ̲ ̲ ̲closed_app, closed_nibLit, closed_nibAddL, closed_nibCarryL, closed_orL, closed_andL,
  ̲  ̲ ̲ ̲ ̲ ̲ ̲ ̲closed_b2nL, c̵l̵o̵s̵e̵d̵_̵p̵a̵i̵r̵S̵r̵c̵L̵,̵ ̵closed_klL, closed_byteLit, closed_b4bcL, closed_b4bsL]

Note: This linter can be disabled with `set_option linter.unusedSimpArgs false`
'ISAR.b4add_b4cla_basis' depends on axioms: [propext, Classical.choice, Quot.sound]
src/ISAR/SpecVocabulary.lean:2028:10: warning: This simp argument is unused:
  shift

Hint: Omit it from the simp argument list.
  simp [appendL, appendT, revT, aps, List.foldl, hsteps, hstep, subst, s̵h̵i̵f̵t̵,̵ ̵shift_of_closed0 hx,
  ̲  ̲ ̲ ̲ ̲ ̲shift_of_closed0 hy, subst_of_closed0 hx, subst_of_closed0 hy, shift_of_closed0 closed_foldlL,
        subst_of_closed0 closed_foldlL, shift_of_closed0 closed_stepConsL,
        subst_of_closed0 closed_stepConsL, shift_of_closed0 closed_nilL, subst_of_closed0 closed_nilL]

Note: This linter can be disabled with `set_option linter.unusedSimpArgs false`
src/ISAR/SpecVocabulary.lean:2029:31: warning: This simp argument is unused:
  subst_of_closed0 hy

Hint: Omit it from the simp argument list.
  simp [appendL, appendT, revT, aps, List.foldl, hsteps, hstep, subst, shift, shift_of_closed0 hx,
  ̲  ̲ ̲ ̲ ̲ ̲shift_of_closed0 hy, subst_of_closed0 hx, s̵u̵b̵s̵t̵_̵o̵f̵_̵c̵l̵o̵s̵e̵d̵0̵ ̵h̵y̵,̵shift_of_closed0 closed_foldlL,
  ̲  ̲ ̲ ̲ ̲ ̲subst_of_closed0 closed_foldlL, shift_of_closed0 closed_stepConsL,
  ̲  ̲ ̲ ̲ ̲ ̲subst_of_closed0 closed_stepConsL, shift_of_closed0 closed_nilL, subst_of_closed0 closed_nilL]

Note: This linter can be disabled with `set_option linter.unusedSimpArgs false`
src/ISAR/SpecVocabulary.lean:2030:10: warning: This simp argument is unused:
  shift_of_closed0 closed_foldlL

Hint: Omit it from the simp argument list.
  simp [appendL, appendT, revT, aps, List.foldl, hsteps, hstep, subst, shift, shift_of_closed0 hx,
  ̲  ̲ ̲ ̲ ̲ ̲shift_of_closed0 hy, subst_of_closed0 hx, subst_of_closed0 hy, s̵h̵i̵f̵t̵_̵o̵f̵_̵c̵l̵o̵s̵e̵d̵0̵ ̵c̵l̵o̵s̵e̵d̵_̵f̵o̵l̵d̵l̵L̵,̵subst_of_closed0 closed_foldlL,
  ̲  ̲ ̲ ̲ ̲ ̲shift_of_closed0 closed_stepConsL, subst_of_closed0 closed_stepConsL,
  ̲  ̲ ̲ ̲ ̲ ̲shift_of_closed0 closed_nilL, subst_of_closed0 closed_nilL]

Note: This linter can be disabled with `set_option linter.unusedSimpArgs false`
src/ISAR/SpecVocabulary.lean:2032:10: warning: This simp argument is unused:
  shift_of_closed0 closed_stepConsL

Hint: Omit it from the simp argument list.
  simp [appendL, appendT, revT, aps, List.foldl, hsteps, hstep, subst, shift, shift_of_closed0 hx,
  ̲  ̲ ̲ ̲ ̲ ̲shift_of_closed0 hy, subst_of_closed0 hx, subst_of_closed0 hy, shift_of_closed0 closed_foldlL,
        subst_of_closed0 closed_foldlL, s̵h̵i̵f̵t̵_̵o̵f̵_̵c̵l̵o̵s̵e̵d̵0̵ ̵c̵l̵o̵s̵e̵d̵_̵s̵t̵e̵p̵C̵o̵n̵s̵L̵,̵subst_of_closed0 closed_stepConsL,
  ̲  ̲ ̲ ̲ ̲ ̲shift_of_closed0 closed_nilL, subst_of_closed0 closed_nilL]

Note: This linter can be disabled with `set_option linter.unusedSimpArgs false`
src/ISAR/SpecVocabulary.lean:2034:10: warning: This simp argument is unused:
  shift_of_closed0 closed_nilL

Hint: Omit it from the simp argument list.
  simp [appendL, appendT, revT, aps, List.foldl, hsteps, hstep, subst, shift, shift_of_closed0 hx,
  ̲  ̲ ̲ ̲ ̲ ̲shift_of_closed0 hy, subst_of_closed0 hx, subst_of_closed0 hy, shift_of_closed0 closed_foldlL,
        subst_of_closed0 closed_foldlL, shift_of_closed0 closed_stepConsL,
        subst_of_closed0 closed_stepConsL, s̵h̵i̵f̵t̵_̵o̵f̵_̵c̵l̵o̵s̵e̵d̵0̵ ̵c̵l̵o̵s̵e̵d̵_̵n̵i̵l̵L̵,̵subst_of_closed0 closed_nilL]

Note: This linter can be disabled with `set_option linter.unusedSimpArgs false`
src/ISAR/SpecVocabulary.lean:2044:38: warning: This simp argument is unused:
  subst_of_closed0 hl

Hint: Omit it from the simp argument list.
  simp [joinL, fixrA, fixrG, wl, nilL, hsteps, hstep, subst, shift, shift_of_closed0 hl,
  ̲  ̲ ̲ ̲ ̲ ̲s̵u̵b̵s̵t̵_̵o̵f̵_̵c̵l̵o̵s̵e̵d̵0̵ ̵h̵l̵,̵shift_of_closed0 closed_appendL, subst_of_closed0 closed_appendL,
  ̲  ̲ ̲ ̲ ̲ ̲shift_of_closed0 closed_nilL, subst_of_closed0 closed_nilL]

Note: This linter can be disabled with `set_option linter.unusedSimpArgs false`
src/ISAR/SpecVocabulary.lean:2047:10: warning: This simp argument is unused:
  shift_of_closed0 closed_nilL

Hint: Omit it from the simp argument list.
  simp [joinL, fixrA, fixrG, wl, nilL, hsteps, hstep, subst, shift, shift_of_closed0 hl,
  ̲  ̲ ̲ ̲ ̲ ̲subst_of_closed0 hl, shift_of_closed0 closed_appendL, subst_of_closed0 closed_appendL,
        s̵h̵i̵f̵t̵_̵o̵f̵_̵c̵l̵o̵s̵e̵d̵0̵ ̵c̵l̵o̵s̵e̵d̵_̵n̵i̵l̵L̵,̵ ̵subst_of_closed0 closed_nilL]

Note: This linter can be disabled with `set_option linter.unusedSimpArgs false`
src/ISAR/SpecVocabulary.lean:2047:40: warning: This simp argument is unused:
  subst_of_closed0 closed_nilL

Hint: Omit it from the simp argument list.
  simp [joinL, fixrA, fixrG, wl, nilL, hsteps, hstep, subst, shift, shift_of_closed0 hl,
  ̲  ̲ ̲ ̲ ̲ ̲subst_of_closed0 hl, shift_of_closed0 closed_appendL, subst_of_closed0 closed_appendL,
        shift_of_closed0 c̵l̵o̵s̵e̵d̵_̵n̵i̵l̵L̵,̵ ̵s̵u̵b̵s̵t̵_̵o̵f̵_̵c̵l̵o̵s̵e̵d̵0̵ ̵closed_nilL]

Note: This linter can be disabled with `set_option linter.unusedSimpArgs false`
src/ISAR/SpecVocabulary.lean:2267:60: warning: This simp argument is unused:
  shift

Hint: Omit it from the simp argument list.
  simp [zerostepL, aps, List.foldl, hsteps, hstep, subst, s̵h̵i̵f̵t̵,̵shift_of_closed0 hx,
  ̲  ̲ ̲ ̲ ̲ ̲subst_of_closed0 hx, shift_of_closed0 closed_b0cT, subst_of_closed0 closed_b0cT,
  ̲  ̲ ̲ ̲ ̲ ̲shift_of_closed0 closed_conssL, subst_of_closed0 closed_conssL]

Note: This linter can be disabled with `set_option linter.unusedSimpArgs false`
src/ISAR/SpecVocabulary.lean:2268:31: warning: This simp argument is unused:
  subst_of_closed0 hx

Hint: Omit it from the simp argument list.
  simp [zerostepL, aps, List.foldl, hsteps, hstep, subst, shift, shift_of_closed0 hx,
  ̲  ̲ ̲ ̲ ̲ ̲s̵u̵b̵s̵t̵_̵o̵f̵_̵c̵l̵o̵s̵e̵d̵0̵ ̵h̵x̵,̵shift_of_closed0 closed_b0cT, subst_of_closed0 closed_b0cT, shift_of_closed0 closed_conssL,
  ̲  ̲ ̲ ̲ ̲ ̲subst_of_closed0 closed_conssL]

Note: This linter can be disabled with `set_option linter.unusedSimpArgs false`
src/ISAR/SpecVocabulary.lean:2269:10: warning: This simp argument is unused:
  shift_of_closed0 closed_b0cT

Hint: Omit it from the simp argument list.
  simp [zerostepL, aps, List.foldl, hsteps, hstep, subst, shift, shift_of_closed0 hx,
  ̲  ̲ ̲ ̲ ̲ ̲subst_of_closed0 hx, s̵h̵i̵f̵t̵_̵o̵f̵_̵c̵l̵o̵s̵e̵d̵0̵ ̵c̵l̵o̵s̵e̵d̵_̵b̵0̵c̵T̵,̵ ̵subst_of_closed0 closed_b0cT, shift_of_closed0 closed_conssL,
        subst_of_closed0 closed_conssL]

Note: This linter can be disabled with `set_option linter.unusedSimpArgs false`
src/ISAR/SpecVocabulary.lean:2270:10: warning: This simp argument is unused:
  shift_of_closed0 closed_conssL

Hint: Omit it from the simp argument list.
  simp [zerostepL, aps, List.foldl, hsteps, hstep, subst, shift, shift_of_closed0 hx,
  ̲  ̲ ̲ ̲ ̲ ̲subst_of_closed0 hx, shift_of_closed0 closed_b0cT, subst_of_closed0 closed_b0cT,
        s̵h̵i̵f̵t̵_̵o̵f̵_̵c̵l̵o̵s̵e̵d̵0̵ ̵c̵l̵o̵s̵e̵d̵_̵c̵o̵n̵s̵s̵L̵,̵subst_of_closed0 closed_conssL]

Note: This linter can be disabled with `set_option linter.unusedSimpArgs false`
src/ISAR/SpecVocabulary.lean:2293:62: warning: This simp argument is unused:
  shift

Hint: Omit it from the simp argument list.
  simp [zerofillL, aps, List.foldl, hsteps, hstep, subst, s̵h̵i̵f̵t̵,̵shift_of_closed0 (closed_churchL n),
  ̲  ̲ ̲ ̲ ̲ ̲ ̲ ̲subst_of_closed0 (closed_churchL n), shift_of_closed0 closed_zerostepL,
  ̲  ̲ ̲ ̲ ̲ ̲ ̲ ̲subst_of_closed0 closed_zerostepL, shift_of_closed0 closed_klL, subst_of_closed0 closed_klL]

Note: This linter can be disabled with `set_option linter.unusedSimpArgs false`
src/ISAR/SpecVocabulary.lean:2295:12: warning: This simp argument is unused:
  subst_of_closed0 (closed_churchL n)

Hint: Omit it from the simp argument list.
  simp [zerofillL, aps, List.foldl, hsteps, hstep, subst, shift,
          shift_of_closed0 (closed_churchL n), s̵u̵b̵s̵t̵_̵o̵f̵_̵c̵l̵o̵s̵e̵d̵0̵ ̵(̵c̵l̵o̵s̵e̵d̵_̵c̵h̵u̵r̵c̵h̵L̵ ̵n̵)̵,̵shift_of_closed0 closed_zerostepL,
  ̲  ̲ ̲ ̲ ̲ ̲ ̲ ̲subst_of_closed0 closed_zerostepL, shift_of_closed0 closed_klL, subst_of_closed0 closed_klL]

Note: This linter can be disabled with `set_option linter.unusedSimpArgs false`
src/ISAR/SpecVocabulary.lean:2296:12: warning: This simp argument is unused:
  shift_of_closed0 closed_zerostepL

Hint: Omit it from the simp argument list.
  simp [zerofillL, aps, List.foldl, hsteps, hstep, subst, shift,
          shift_of_closed0 (closed_churchL n), subst_of_closed0 (closed_churchL n),
          s̵h̵i̵f̵t̵_̵o̵f̵_̵c̵l̵o̵s̵e̵d̵0̵ ̵c̵l̵o̵s̵e̵d̵_̵z̵e̵r̵o̵s̵t̵e̵p̵L̵,̵subst_of_closed0 closed_zerostepL, shift_of_closed0 closed_klL, subst_of_closed0 closed_klL]

Note: This linter can be disabled with `set_option linter.unusedSimpArgs false`
src/ISAR/SpecVocabulary.lean:2298:12: warning: This simp argument is unused:
  shift_of_closed0 closed_klL

Hint: Omit it from the simp argument list.
  simp [zerofillL, aps, List.foldl, hsteps, hstep, subst, shift,
          shift_of_closed0 (closed_churchL n), subst_of_closed0 (closed_churchL n),
          shift_of_closed0 closed_zerostepL, subst_of_closed0 closed_zerostepL,
          s̵h̵i̵f̵t̵_̵o̵f̵_̵c̵l̵o̵s̵e̵d̵0̵ ̵c̵l̵o̵s̵e̵d̵_̵k̵l̵L̵,̵subst_of_closed0 closed_klL]

Note: This linter can be disabled with `set_option linter.unusedSimpArgs false`
'ISAR.append_assoc_basis' depends on axioms: [propext, Quot.sound]
'ISAR.spine_eval' depends on axioms: [propext]
'ISAR.fold_eval' depends on axioms: [propext]
'ISAR.spine_eval_r' depends on axioms: [propext]
'ISAR.fixr_eval' depends on axioms: [propext]
'ISAR.join_eval' depends on axioms: [propext, Quot.sound]
'ISAR.zerofill_eval' depends on axioms: [propext]
src/ISAR/SpecVocabulary.lean:2365:51: warning: This simp argument is unused:
  ite_false

Hint: Omit it from the simp argument list.
  simp only [boolLit, aps, List.foldl, ite_true,̵ ̵i̵t̵e̵_̵f̵a̵l̵s̵e̵]

Note: This linter can be disabled with `set_option linter.unusedSimpArgs false`
src/ISAR/SpecVocabulary.lean:2367:45: warning: This simp argument is unused:
  shift

Hint: Omit it from the simp argument list.
  simp [klL, kilL, hsteps, hstep, subst, shift,̵
  ̵ ̵ ̵ ̵ ̵ ̵ ̵ ̵ ̵ ̵ ̵ ̵ ̵s̵h̵i̵f̵t̵_of_closed0 hx, subst_of_closed0 hx,
           ̵ ̵ ̵ ̵shift_of_closed0 hy, subst_of_closed0 hy]

Note: This linter can be disabled with `set_option linter.unusedSimpArgs false`
src/ISAR/SpecVocabulary.lean:2369:33: warning: This simp argument is unused:
  subst_of_closed0 hy

Hint: Omit it from the simp argument list.
  simp [klL, kilL, hsteps, hstep, subst, shift, shift_of_closed0 hx, subst_of_closed0 hx,
          shift_of_closed0 h̵y̵,̵ ̵s̵u̵b̵s̵t̵_̵o̵f̵_̵c̵l̵o̵s̵e̵d̵0̵ ̵hy]

Note: This linter can be disabled with `set_option linter.unusedSimpArgs false`
src/ISAR/SpecVocabulary.lean:2510:44: warning: This simp argument is unused:
  List.map

Hint: Omit it from the simp argument list.
  simp only [incByteN, h, decide_true, decide_false, ite_true, ite_false, F̵u̵n̵c̵t̵i̵o̵n̵.̵u̵n̵c̵u̵r̵r̵y̵,̵ ̵L̵i̵s̵t̵.̵m̵a̵p̵]̵F̲u̲n̲c̲t̲i̲o̲n̲.̲u̲n̲c̲u̲r̲r̲y̲]̲

Note: This linter can be disabled with `set_option linter.unusedSimpArgs false`
src/ISAR/SpecVocabulary.lean:2554:41: warning: This simp argument is unused:
  shift

Hint: Omit it from the simp argument list.
  simp [pairLit, hsteps, hstep, subst, shift,̵ ̵s̵h̵i̵f̵t̵_zero,
  ̵  ̵ ̵ ̵ ̵ ̵ ̵ ̵ ̵ ̵shift_of_closed0 ha, subst_of_closed0 ha,
         ̵ ̵ ̵ ̵shift_of_closed0 hb, subst_of_closed0 hb]

Note: This linter can be disabled with `set_option linter.unusedSimpArgs false`
src/ISAR/SpecVocabulary.lean:2555:10: warning: This simp argument is unused:
  shift_of_closed0 ha

Hint: Omit it from the simp argument list.
  simp [pairLit, hsteps, hstep, subst, shift, shift_zero, s̵h̵i̵f̵t̵_̵o̵f̵_̵c̵l̵o̵s̵e̵d̵0̵ ̵h̵a̵,̵ ̵subst_of_closed0 ha,
        shift_of_closed0 hb, subst_of_closed0 hb]

Note: This linter can be disabled with `set_option linter.unusedSimpArgs false`
src/ISAR/SpecVocabulary.lean:2556:10: warning: This simp argument is unused:
  shift_of_closed0 hb

Hint: Omit it from the simp argument list.
  simp [pairLit, hsteps, hstep, subst, shift, shift_zero, shift_of_closed0 ha,
  ̲  ̲ ̲ ̲ ̲ ̲subst_of_closed0 ha, s̵h̵i̵f̵t̵_̵o̵f̵_̵c̵l̵o̵s̵e̵d̵0̵ ̵h̵b̵,̵ ̵subst_of_closed0 hb]

Note: This linter can be disabled with `set_option linter.unusedSimpArgs false`
src/ISAR/SpecVocabulary.lean:2676:5: warning: Variable name `hT3` is not explicitly referenced.

The binding can be removed (if unused) or named `_` (if used implicitly).

Note: This linter can be disabled with `set_option linter.unusedVariables false`
src/ISAR/SpecVocabulary.lean:2677:5: warning: Variable name `hT2` is not explicitly referenced.

The binding can be removed (if unused) or named `_` (if used implicitly).

Note: This linter can be disabled with `set_option linter.unusedVariables false`
src/ISAR/SpecVocabulary.lean:2678:5: warning: Variable name `hT1` is not explicitly referenced.

The binding can be removed (if unused) or named `_` (if used implicitly).

Note: This linter can be disabled with `set_option linter.unusedVariables false`
src/ISAR/SpecVocabulary.lean:2685:34: warning: This simp argument is unused:
  List.map

Hint: Omit it from the simp argument list.
  simp [b4incL, scottList, cellLit, b4incMilestone, b4incChainV, b4incK2V, b4incChain0,
  ̲  ̲ ̲ ̲ ̲ ̲b4incChain1, b4incChain2, b4incChain3, b4incK2, b4incNext3, b4incEmit, emitCells, aps,
        List.foldl, List.foldr, L̵i̵s̵t̵.̵m̵a̵p̵,̵ ̵List.range, List.range', hsteps, hstep, subst, shift, shift_zero,
        shift_of_closed0, subst_of_closed0, closed, closed_app, closed_mono, closed_nilL, closed_klL,
  ̲  ̲ ̲ ̲ ̲ ̲closed_conssL, closed_incbL, closed_pairSrcL, closed_nibsuccL, closed_nibis15L, h0, h1, h2,
  ̲  ̲ ̲ ̲ ̲ ̲h3]

Note: This linter can be disabled with `set_option linter.unusedSimpArgs false`
src/ISAR/SpecVocabulary.lean:2685:44: warning: This simp argument is unused:
  List.range

Hint: Omit it from the simp argument list.
  simp [b4incL, scottList, cellLit, b4incMilestone, b4incChainV, b4incK2V, b4incChain0,
  ̲  ̲ ̲ ̲ ̲ ̲b4incChain1, b4incChain2, b4incChain3, b4incK2, b4incNext3, b4incEmit, emitCells, aps,
        List.foldl, List.foldr, List.map, L̵i̵s̵t̵.̵r̵a̵n̵g̵e̵,̵ ̵List.range', hsteps, hstep, subst, shift, shift_zero,
        shift_of_closed0, subst_of_closed0, closed, closed_app, closed_mono, closed_nilL, closed_klL,
  ̲  ̲ ̲ ̲ ̲ ̲closed_conssL, closed_incbL, closed_pairSrcL, closed_nibsuccL, closed_nibis15L, h0, h1, h2,
  ̲  ̲ ̲ ̲ ̲ ̲h3]

Note: This linter can be disabled with `set_option linter.unusedSimpArgs false`
src/ISAR/SpecVocabulary.lean:2685:56: warning: This simp argument is unused:
  List.range'

Hint: Omit it from the simp argument list.
  simp [b4incL, scottList, cellLit, b4incMilestone, b4incChainV, b4incK2V, b4incChain0,
  ̲  ̲ ̲ ̲ ̲ ̲b4incChain1, b4incChain2, b4incChain3, b4incK2, b4incNext3, b4incEmit, emitCells, aps,
        List.foldl, List.foldr, List.map, List.range, L̵i̵s̵t̵.̵r̵a̵n̵g̵e̵'̵,̵hsteps, hstep, subst, shift, shift_zero,
  ̲  ̲ ̲ ̲ ̲ ̲shift_of_closed0, subst_of_closed0, closed, closed_app, closed_mono, closed_nilL, closed_klL,
  ̲  ̲ ̲ ̲ ̲ ̲closed_conssL, closed_incbL, closed_pairSrcL, closed_nibsuccL, closed_nibis15L, h0, h1, h2,
  ̲  ̲ ̲ ̲ ̲ ̲h3]

Note: This linter can be disabled with `set_option linter.unusedSimpArgs false`
src/ISAR/SpecVocabulary.lean:2687:46: warning: This simp argument is unused:
  closed

Hint: Omit it from the simp argument list.
  simp [b4incL, scottList, cellLit, b4incMilestone, b4incChainV, b4incK2V, b4incChain0,
  ̲  ̲ ̲ ̲ ̲ ̲b4incChain1, b4incChain2, b4incChain3, b4incK2, b4incNext3, b4incEmit, emitCells, aps,
        List.foldl, List.foldr, List.map, List.range, List.range', hsteps, hstep, subst, shift,
  ̲  ̲ ̲ ̲ ̲ ̲shift_zero, shift_of_closed0, subst_of_closed0, c̵l̵o̵s̵e̵d̵,̵ ̵closed_app, closed_mono, closed_nilL,
  ̲  ̲ ̲ ̲ ̲ ̲closed_klL, closed_conssL, closed_incbL, closed_pairSrcL, closed_nibsuccL, closed_nibis15L,
  ̲  ̲ ̲ ̲ ̲ ̲h0, h1, h2, h3]

Note: This linter can be disabled with `set_option linter.unusedSimpArgs false`
src/ISAR/SpecVocabulary.lean:2687:54: warning: This simp argument is unused:
  closed_app

Hint: Omit it from the simp argument list.
  simp [b4incL, scottList, cellLit, b4incMilestone, b4incChainV, b4incK2V, b4incChain0,
  ̲  ̲ ̲ ̲ ̲ ̲b4incChain1, b4incChain2, b4incChain3, b4incK2, b4incNext3, b4incEmit, emitCells, aps,
        List.foldl, List.foldr, List.map, List.range, List.range', hsteps, hstep, subst, shift,
  ̲  ̲ ̲ ̲ ̲ ̲shift_zero, shift_of_closed0, subst_of_closed0, closed, c̵l̵o̵s̵e̵d̵_̵a̵p̵p̵,̵closed_mono, closed_nilL, closed_klL,
  ̲  ̲ ̲ ̲ ̲ ̲closed_conssL, closed_incbL, closed_pairSrcL, closed_nibsuccL, closed_nibis15L, h0, h1, h2,
  ̲  ̲ ̲ ̲ ̲ ̲h3]

Note: This linter can be disabled with `set_option linter.unusedSimpArgs false`
src/ISAR/SpecVocabulary.lean:2688:10: warning: This simp argument is unused:
  closed_mono

Hint: Omit it from the simp argument list.
  simp [b4incL, scottList, cellLit, b4incMilestone, b4incChainV, b4incK2V, b4incChain0,
  ̲  ̲ ̲ ̲ ̲ ̲b4incChain1, b4incChain2, b4incChain3, b4incK2, b4incNext3, b4incEmit, emitCells, aps,
        List.foldl, List.foldr, List.map, List.range, List.range', hsteps, hstep, subst, shift,
  ̲  ̲ ̲ ̲ ̲ ̲shift_zero, shift_of_closed0, subst_of_closed0, closed, closed_app, c̵l̵o̵s̵e̵d̵_̵m̵o̵n̵o̵,̵ ̵closed_nilL, closed_klL,
  ̲  ̲ ̲ ̲ ̲ ̲closed_conssL, closed_incbL, closed_pairSrcL, closed_nibsuccL, closed_nibis15L, h0, h1, h2,
  ̲  ̲ ̲ ̲ ̲ ̲h3]

Note: This linter can be disabled with `set_option linter.unusedSimpArgs false`
src/ISAR/SpecVocabulary.lean:2689:24: warning: This simp argument is unused:
  closed_pairSrcL

Hint: Omit it from the simp argument list.
  simp [b4incL, scottList, cellLit, b4incMilestone, b4incChainV, b4incK2V, b4incChain0,
  ̲  ̲ ̲ ̲ ̲ ̲b4incChain1, b4incChain2, b4incChain3, b4incK2, b4incNext3, b4incEmit, emitCells, aps,
        List.foldl, List.foldr, List.map, List.range, List.range', hsteps, hstep, subst, shift,
  ̲  ̲ ̲ ̲ ̲ ̲shift_zero, shift_of_closed0, subst_of_closed0, closed, closed_app, closed_mono, closed_nilL,
  ̲  ̲ ̲ ̲ ̲ ̲closed_klL, closed_conssL, closed_incbL, c̵l̵o̵s̵e̵d̵_̵p̵a̵i̵r̵S̵r̵c̵L̵,̵ ̵closed_nibsuccL, closed_nibis15L, h0, h1, h2, h3]

Note: This linter can be disabled with `set_option linter.unusedSimpArgs false`
src/ISAR/SpecVocabulary.lean:2689:41: warning: This simp argument is unused:
  closed_nibsuccL

Hint: Omit it from the simp argument list.
  simp [b4incL, scottList, cellLit, b4incMilestone, b4incChainV, b4incK2V, b4incChain0,
  ̲  ̲ ̲ ̲ ̲ ̲b4incChain1, b4incChain2, b4incChain3, b4incK2, b4incNext3, b4incEmit, emitCells, aps,
        List.foldl, List.foldr, List.map, List.range, List.range', hsteps, hstep, subst, shift,
  ̲  ̲ ̲ ̲ ̲ ̲shift_zero, shift_of_closed0, subst_of_closed0, closed, closed_app, closed_mono, closed_nilL,
  ̲  ̲ ̲ ̲ ̲ ̲closed_klL, closed_conssL, closed_incbL, closed_pairSrcL, c̵l̵o̵s̵e̵d̵_̵n̵i̵b̵s̵u̵c̵c̵L̵,̵closed_nibis15L, h0, h1, h2, h3]

Note: This linter can be disabled with `set_option linter.unusedSimpArgs false`
src/ISAR/SpecVocabulary.lean:2690:10: warning: This simp argument is unused:
  closed_nibis15L

Hint: Omit it from the simp argument list.
  simp [b4incL, scottList, cellLit, b4incMilestone, b4incChainV, b4incK2V, b4incChain0,
  ̲  ̲ ̲ ̲ ̲ ̲b4incChain1, b4incChain2, b4incChain3, b4incK2, b4incNext3, b4incEmit, emitCells, aps,
        List.foldl, List.foldr, List.map, List.range, List.range', hsteps, hstep, subst, shift,
  ̲  ̲ ̲ ̲ ̲ ̲shift_zero, shift_of_closed0, subst_of_closed0, closed, closed_app, closed_mono, closed_nilL,
  ̲  ̲ ̲ ̲ ̲ ̲closed_klL, closed_conssL, closed_incbL, closed_pairSrcL, closed_nibsuccL, c̵l̵o̵s̵e̵d̵_̵n̵i̵b̵i̵s̵1̵5̵L̵,̵ ̵h0, h1, h2, h3]

Note: This linter can be disabled with `set_option linter.unusedSimpArgs false`
src/ISAR/SpecVocabulary.lean:2702:17: warning: This simp argument is unused:
  Bool.cond_true

Hint: Omit it from the simp argument list.
  simp only [Bool.cond_t̵r̵u̵e̵,̵ ̵B̵o̵o̵l̵.̵c̵o̵n̵d̵_̵false, boolLit]

Note: This linter can be disabled with `set_option linter.unusedSimpArgs false`
src/ISAR/SpecVocabulary.lean:2702:33: warning: This simp argument is unused:
  Bool.cond_false

Hint: Omit it from the simp argument list.
  simp only [Bool.cond_true, B̵o̵o̵l̵.̵c̵o̵n̵d̵_̵f̵a̵l̵s̵e̵,̵ ̵boolLit]

Note: This linter can be disabled with `set_option linter.unusedSimpArgs false`
src/ISAR/SpecVocabulary.lean:2704:64: warning: This simp argument is unused:
  shift

Hint: Omit it from the simp argument list.
  simp [klL, kilL, aps, List.foldl, hsteps, hstep, subst, shift,̵
  ̵ ̵ ̵ ̵ ̵ ̵ ̵ ̵ ̵ ̵ ̵ ̵ ̵ ̵ ̵s̵h̵i̵f̵t̵_zero, subst_shift_succ]

Note: This linter can be disabled with `set_option linter.unusedSimpArgs false`
src/ISAR/SpecVocabulary.lean:2714:59: warning: This simp argument is unused:
  shift

Hint: Omit it from the simp argument list.
  simp [b4incK2V, aps, List.foldl, hsteps, hstep, subst, shift,̵
  ̵ ̵ ̵ ̵ ̵ ̵ ̵ ̵ ̵ ̵ ̵s̵h̵i̵f̵t̵_zero, subst_shift_succ]

Note: This linter can be disabled with `set_option linter.unusedSimpArgs false`
src/ISAR/SpecVocabulary.lean:2715:22: warning: This simp argument is unused:
  subst_shift_succ

Hint: Omit it from the simp argument list.
  simp [b4incK2V, aps, List.foldl, hsteps, hstep, subst, shift, s̵h̵i̵f̵t̵_̵z̵e̵r̵o̵,̵ ̵s̵u̵b̵s̵t̵_̵s̵h̵i̵f̵t̵_̵s̵u̵c̵c̵]̵s̲h̲i̲f̲t̲_̲z̲e̲r̲o̲]̲

Note: This linter can be disabled with `set_option linter.unusedSimpArgs false`
src/ISAR/SpecVocabulary.lean:2797:17: warning: This simp argument is unused:
  shift

Hint: Omit it from the simp argument list.
  simp [b4incChainV, b4incK2V, emitCells, aps,
  ̵  ̵ ̵ ̵ ̵ ̵ ̵ ̵ ̵ ̵List.foldr, List.foldl, Function.uncurry,
  ̵  ̵ ̵ ̵ ̵ ̵ ̵ ̵ ̵ ̵subst,
  ̲ s̵h̵i̵f̵t̵,̵  ̲ ̲ ̲ ̲shift_zero, subst_shift_succ,
  ̵  ̵ ̵ ̵ ̵ ̵ ̵ ̵ ̵ ̵shift_of_closed0, subst_of_closed0, closed, closed_app,
         ̵ ̵ ̵ ̵closed_mono, closed_byteLit, closed_boolLit, closed_incbL,
  ̵  ̵ ̵ ̵ ̵ ̵ ̵ ̵ ̵ ̵closed_conssL, closed_nilL]

Note: This linter can be disabled with `set_option linter.unusedSimpArgs false`
src/ISAR/SpecVocabulary.lean:2797:24: warning: This simp argument is unused:
  shift_zero

Hint: Omit it from the simp argument list.
  simp [b4incChainV, b4incK2V, emitCells, aps, List.foldr, List.foldl, Function.uncurry, subst,
  ̲  ̲ ̲ ̲ ̲ ̲shift, s̵h̵i̵f̵t̵_̵z̵e̵r̵o̵,̵ ̵subst_shift_succ, shift_of_closed0, subst_of_closed0, closed, closed_app, closed_mono,
  ̲  ̲ ̲ ̲ ̲ ̲closed_byteLit, closed_boolLit, closed_incbL, closed_conssL, closed_nilL]

Note: This linter can be disabled with `set_option linter.unusedSimpArgs false`
src/ISAR/SpecVocabulary.lean:2797:36: warning: This simp argument is unused:
  subst_shift_succ

Hint: Omit it from the simp argument list.
  simp [b4incChainV, b4incK2V, emitCells, aps, List.foldr, List.foldl, Function.uncurry, subst,
  ̲  ̲ ̲ ̲ ̲ ̲shift, shift_zero, s̵u̵b̵s̵t̵_̵s̵h̵i̵f̵t̵_̵s̵u̵c̵c̵,̵shift_of_closed0, subst_of_closed0, closed, closed_app, closed_mono,
        closed_byteLit, closed_boolLit, closed_incbL, closed_conssL, closed_nilL]

Note: This linter can be disabled with `set_option linter.unusedSimpArgs false`
src/ISAR/SpecVocabulary.lean:2798:46: warning: This simp argument is unused:
  closed

Hint: Omit it from the simp argument list.
  simp [b4incChainV, b4incK2V, emitCells, aps, List.foldr, List.foldl, Function.uncurry, subst,
  ̲  ̲ ̲ ̲ ̲ ̲shift, shift_zero, subst_shift_succ, shift_of_closed0, subst_of_closed0, c̵l̵o̵s̵e̵d̵,̵ ̵closed_app,
        closed_mono, closed_byteLit, closed_boolLit, closed_incbL, closed_conssL, closed_nilL]

Note: This linter can be disabled with `set_option linter.unusedSimpArgs false`
src/ISAR/SpecVocabulary.lean:2798:54: warning: This simp argument is unused:
  closed_app

Hint: Omit it from the simp argument list.
  simp [b4incChainV, b4incK2V, emitCells, aps, List.foldr, List.foldl, Function.uncurry, subst,
  ̲  ̲ ̲ ̲ ̲ ̲shift, shift_zero, subst_shift_succ, shift_of_closed0, subst_of_closed0, closed, c̵l̵o̵s̵e̵d̵_̵a̵p̵p̵,̵closed_mono,
        closed_byteLit, closed_boolLit, closed_incbL, closed_conssL, closed_nilL]

Note: This linter can be disabled with `set_option linter.unusedSimpArgs false`
src/ISAR/SpecVocabulary.lean:2799:10: warning: This simp argument is unused:
  closed_mono

Hint: Omit it from the simp argument list.
  simp [b4incChainV, b4incK2V, emitCells, aps, List.foldr, List.foldl, Function.uncurry, subst,
  ̲  ̲ ̲ ̲ ̲ ̲shift, shift_zero, subst_shift_succ, shift_of_closed0, subst_of_closed0, closed, closed_app,
        c̵l̵o̵s̵e̵d̵_̵m̵o̵n̵o̵,̵ ̵closed_byteLit, closed_boolLit, closed_incbL, closed_conssL, closed_nilL]

Note: This linter can be disabled with `set_option linter.unusedSimpArgs false`
src/ISAR/SpecVocabulary.lean:2799:39: warning: This simp argument is unused:
  closed_boolLit

Hint: Omit it from the simp argument list.
  simp [b4incChainV, b4incK2V, emitCells, aps, List.foldr, List.foldl, Function.uncurry, subst,
  ̲  ̲ ̲ ̲ ̲ ̲shift, shift_zero, subst_shift_succ, shift_of_closed0, subst_of_closed0, closed, closed_app,
        closed_mono, closed_byteLit, c̵l̵o̵s̵e̵d̵_̵b̵o̵o̵l̵L̵i̵t̵,̵ ̵closed_incbL, closed_conssL, closed_nilL]

Note: This linter can be disabled with `set_option linter.unusedSimpArgs false`
src/ISAR/SpecVocabulary.lean:2810:17: warning: This simp argument is unused:
  shift

Hint: Omit it from the simp argument list.
  simp [emitCells, aps, List.foldr, List.foldl, Function.uncurry, subst, s̵h̵i̵f̵t̵,̵ ̵shift_zero,
  ̲  ̲ ̲ ̲ ̲ ̲subst_shift_succ, shift_of_closed0, subst_of_closed0, closed, closed_app, closed_mono,
  ̲  ̲ ̲ ̲ ̲ ̲closed_byteLit, closed_boolLit, closed_incbL, closed_conssL, closed_nilL]

Note: This linter can be disabled with `set_option linter.unusedSimpArgs false`
src/ISAR/SpecVocabulary.lean:2810:24: warning: This simp argument is unused:
  shift_zero

Hint: Omit it from the simp argument list.
  simp [emitCells, aps, List.foldr, List.foldl, Function.uncurry, subst, shift, s̵h̵i̵f̵t̵_̵z̵e̵r̵o̵,̵ ̵subst_shift_succ,
        shift_of_closed0, subst_of_closed0, closed, closed_app, closed_mono, closed_byteLit,
  ̲  ̲ ̲ ̲ ̲ ̲closed_boolLit, closed_incbL, closed_conssL, closed_nilL]

Note: This linter can be disabled with `set_option linter.unusedSimpArgs false`
src/ISAR/SpecVocabulary.lean:2810:36: warning: This simp argument is unused:
  subst_shift_succ

Hint: Omit it from the simp argument list.
  simp [emitCells, aps, List.foldr, List.foldl, Function.uncurry, subst, shift, shift_zero,
  ̲  ̲ ̲ ̲ ̲ ̲s̵u̵b̵s̵t̵_̵s̵h̵i̵f̵t̵_̵s̵u̵c̵c̵,̵shift_of_closed0, subst_of_closed0, closed, closed_app, closed_mono, closed_byteLit,
  ̲  ̲ ̲ ̲ ̲ ̲closed_boolLit, closed_incbL, closed_conssL, closed_nilL]

Note: This linter can be disabled with `set_option linter.unusedSimpArgs false`
src/ISAR/SpecVocabulary.lean:2811:54: warning: This simp argument is unused:
  closed_app

Hint: Omit it from the simp argument list.
  simp [emitCells, aps, List.foldr, List.foldl, Function.uncurry, subst, shift, shift_zero,
  ̲  ̲ ̲ ̲ ̲ ̲subst_shift_succ, shift_of_closed0, subst_of_closed0, closed, c̵l̵o̵s̵e̵d̵_̵a̵p̵p̵,̵closed_mono, closed_byteLit,
  ̲  ̲ ̲ ̲ ̲ ̲closed_boolLit, closed_incbL, closed_conssL, closed_nilL]

Note: This linter can be disabled with `set_option linter.unusedSimpArgs false`
src/ISAR/SpecVocabulary.lean:2812:10: warning: This simp argument is unused:
  closed_mono

Hint: Omit it from the simp argument list.
  simp [emitCells, aps, List.foldr, List.foldl, Function.uncurry, subst, shift, shift_zero,
  ̲  ̲ ̲ ̲ ̲ ̲subst_shift_succ, shift_of_closed0, subst_of_closed0, closed, closed_app, c̵l̵o̵s̵e̵d̵_̵m̵o̵n̵o̵,̵ ̵closed_byteLit,
  ̲  ̲ ̲ ̲ ̲ ̲closed_boolLit, closed_incbL, closed_conssL, closed_nilL]

Note: This linter can be disabled with `set_option linter.unusedSimpArgs false`
src/ISAR/SpecVocabulary.lean:2812:39: warning: This simp argument is unused:
  closed_boolLit

Hint: Omit it from the simp argument list.
  simp [emitCells, aps, List.foldr, List.foldl, Function.uncurry, subst, shift, shift_zero,
  ̲  ̲ ̲ ̲ ̲ ̲subst_shift_succ, shift_of_closed0, subst_of_closed0, closed, closed_app, closed_mono,
  ̲  ̲ ̲ ̲ ̲ ̲closed_byteLit, c̵l̵o̵s̵e̵d̵_̵b̵o̵o̵l̵L̵i̵t̵,̵ ̵closed_incbL, closed_conssL, closed_nilL]

Note: This linter can be disabled with `set_option linter.unusedSimpArgs false`
src/ISAR/SpecVocabulary.lean:2812:55: warning: This simp argument is unused:
  closed_incbL

Hint: Omit it from the simp argument list.
  simp [emitCells, aps, List.foldr, List.foldl, Function.uncurry, subst, shift, shift_zero,
  ̲  ̲ ̲ ̲ ̲ ̲subst_shift_succ, shift_of_closed0, subst_of_closed0, closed, closed_app, closed_mono,
  ̲  ̲ ̲ ̲ ̲ ̲closed_byteLit, closed_boolLit, c̵l̵o̵s̵e̵d̵_̵i̵n̵c̵b̵L̵,̵closed_conssL, closed_nilL]

Note: This linter can be disabled with `set_option linter.unusedSimpArgs false`
src/ISAR/SpecVocabulary.lean:2854:21: warning: This simp argument is unused:
  shift

Hint: Omit it from the simp argument list.
  simp [b4incChainV, b4incK2V, emitCells, aps, List.foldr, List.foldl, Function.uncurry,
            subst, s̵h̵i̵f̵t̵,̵ ̵shift_zero, subst_shift_succ, shift_of_closed0, subst_of_closed0, closed,
  ̲  ̲ ̲ ̲ ̲ ̲ ̲ ̲ ̲ ̲closed_app, closed_mono, closed_byteLit, closed_boolLit, closed_incbL, closed_conssL,
  ̲  ̲ ̲ ̲ ̲ ̲ ̲ ̲ ̲ ̲closed_nilL]

Note: This linter can be disabled with `set_option linter.unusedSimpArgs false`
src/ISAR/SpecVocabulary.lean:2854:28: warning: This simp argument is unused:
  shift_zero

Hint: Omit it from the simp argument list.
  simp [b4incChainV, b4incK2V, emitCells, aps, List.foldr, List.foldl, Function.uncurry,
            subst, shift, s̵h̵i̵f̵t̵_̵z̵e̵r̵o̵,̵ ̵subst_shift_succ, shift_of_closed0, subst_of_closed0, closed, closed_app,
            closed_mono, closed_byteLit, closed_boolLit, closed_incbL, closed_conssL, closed_nilL]

Note: This linter can be disabled with `set_option linter.unusedSimpArgs false`
src/ISAR/SpecVocabulary.lean:2854:40: warning: This simp argument is unused:
  subst_shift_succ

Hint: Omit it from the simp argument list.
  simp [b4incChainV, b4incK2V, emitCells, aps, List.foldr, List.foldl, Function.uncurry,
            subst, shift, shift_zero, s̵u̵b̵s̵t̵_̵s̵h̵i̵f̵t̵_̵s̵u̵c̵c̵,̵shift_of_closed0, subst_of_closed0, closed, closed_app,
  ̲  ̲ ̲ ̲ ̲ ̲ ̲ ̲ ̲ ̲closed_mono, closed_byteLit, closed_boolLit, closed_incbL, closed_conssL, closed_nilL]

Note: This linter can be disabled with `set_option linter.unusedSimpArgs false`
src/ISAR/SpecVocabulary.lean:2855:50: warning: This simp argument is unused:
  closed

Hint: Omit it from the simp argument list.
  simp [b4incChainV, b4incK2V, emitCells, aps, List.foldr, List.foldl, Function.uncurry,
            subst, shift, shift_zero, subst_shift_succ, shift_of_closed0, subst_of_closed0,
  ̲  ̲ ̲ ̲ ̲ ̲ ̲ ̲ ̲ ̲c̵l̵o̵s̵e̵d̵,̵ ̵closed_app, closed_mono, closed_byteLit, closed_boolLit, closed_incbL, closed_conssL,
  ̲  ̲ ̲ ̲ ̲ ̲ ̲ ̲ ̲ ̲closed_nilL]

Note: This linter can be disabled with `set_option linter.unusedSimpArgs false`
src/ISAR/SpecVocabulary.lean:2855:58: warning: This simp argument is unused:
  closed_app

Hint: Omit it from the simp argument list.
  simp [b4incChainV, b4incK2V, emitCells, aps, List.foldr, List.foldl, Function.uncurry,
            subst, shift, shift_zero, subst_shift_succ, shift_of_closed0, subst_of_closed0, closed,
  ̲  ̲ ̲ ̲ ̲ ̲ ̲ ̲ ̲ ̲c̵l̵o̵s̵e̵d̵_̵a̵p̵p̵,̵closed_mono, closed_byteLit, closed_boolLit, closed_incbL, closed_conssL, closed_nilL]

Note: This linter can be disabled with `set_option linter.unusedSimpArgs false`
src/ISAR/SpecVocabulary.lean:2856:14: warning: This simp argument is unused:
  closed_mono

Hint: Omit it from the simp argument list.
  simp [b4incChainV, b4incK2V, emitCells, aps, List.foldr, List.foldl, Function.uncurry,
            subst, shift, shift_zero, subst_shift_succ, shift_of_closed0, subst_of_closed0, closed,
  ̲  ̲ ̲ ̲ ̲ ̲ ̲ ̲ ̲ ̲closed_app, c̵l̵o̵s̵e̵d̵_̵m̵o̵n̵o̵,̵ ̵closed_byteLit, closed_boolLit, closed_incbL, closed_conssL, closed_nilL]

Note: This linter can be disabled with `set_option linter.unusedSimpArgs false`
src/ISAR/SpecVocabulary.lean:2856:43: warning: This simp argument is unused:
  closed_boolLit

Hint: Omit it from the simp argument list.
  simp [b4incChainV, b4incK2V, emitCells, aps, List.foldr, List.foldl, Function.uncurry,
            subst, shift, shift_zero, subst_shift_succ, shift_of_closed0, subst_of_closed0, closed,
  ̲  ̲ ̲ ̲ ̲ ̲ ̲ ̲ ̲ ̲closed_app, closed_mono, closed_byteLit, c̵l̵o̵s̵e̵d̵_̵b̵o̵o̵l̵L̵i̵t̵,̵ ̵closed_incbL, closed_conssL, closed_nilL]

Note: This linter can be disabled with `set_option linter.unusedSimpArgs false`
src/ISAR/SpecVocabulary.lean:2869:21: warning: This simp argument is unused:
  shift

Hint: Omit it from the simp argument list.
  simp [emitCells, aps, List.foldr, List.foldl, Function.uncurry, subst, s̵h̵i̵f̵t̵,̵ ̵shift_zero,
  ̲  ̲ ̲ ̲ ̲ ̲ ̲ ̲ ̲ ̲subst_shift_succ, shift_of_closed0, subst_of_closed0, closed, closed_app, closed_mono,
  ̲  ̲ ̲ ̲ ̲ ̲ ̲ ̲ ̲ ̲closed_byteLit, closed_boolLit, closed_incbL, closed_conssL, closed_nilL]

Note: This linter can be disabled with `set_option linter.unusedSimpArgs false`
src/ISAR/SpecVocabulary.lean:2869:28: warning: This simp argument is unused:
  shift_zero

Hint: Omit it from the simp argument list.
  simp [emitCells, aps, List.foldr, List.foldl, Function.uncurry, subst, shift,
  ̲  ̲ ̲ ̲ ̲ ̲ ̲ ̲ ̲ ̲s̵h̵i̵f̵t̵_̵z̵e̵r̵o̵,̵ ̵subst_shift_succ, shift_of_closed0, subst_of_closed0, closed, closed_app, closed_mono,
  ̲  ̲ ̲ ̲ ̲ ̲ ̲ ̲ ̲ ̲closed_byteLit, closed_boolLit, closed_incbL, closed_conssL, closed_nilL]

Note: This linter can be disabled with `set_option linter.unusedSimpArgs false`
src/ISAR/SpecVocabulary.lean:2869:40: warning: This simp argument is unused:
  subst_shift_succ

Hint: Omit it from the simp argument list.
  simp [emitCells, aps, List.foldr, List.foldl, Function.uncurry, subst, shift, shift_zero,
  ̲  ̲ ̲ ̲ ̲ ̲ ̲ ̲ ̲ ̲s̵u̵b̵s̵t̵_̵s̵h̵i̵f̵t̵_̵s̵u̵c̵c̵,̵shift_of_closed0, subst_of_closed0, closed, closed_app, closed_mono, closed_byteLit,
  ̲  ̲ ̲ ̲ ̲ ̲ ̲ ̲ ̲ ̲closed_boolLit, closed_incbL, closed_conssL, closed_nilL]

Note: This linter can be disabled with `set_option linter.unusedSimpArgs false`
src/ISAR/SpecVocabulary.lean:2870:58: warning: This simp argument is unused:
  closed_app

Hint: Omit it from the simp argument list.
  simp [emitCells, aps, List.foldr, List.foldl, Function.uncurry, subst, shift, shift_zero,
  ̲  ̲ ̲ ̲ ̲ ̲ ̲ ̲ ̲ ̲subst_shift_succ, shift_of_closed0, subst_of_closed0, closed, c̵l̵o̵s̵e̵d̵_̵a̵p̵p̵,̵closed_mono, closed_byteLit,
  ̲  ̲ ̲ ̲ ̲ ̲ ̲ ̲ ̲ ̲closed_boolLit, closed_incbL, closed_conssL, closed_nilL]

Note: This linter can be disabled with `set_option linter.unusedSimpArgs false`
src/ISAR/SpecVocabulary.lean:2871:14: warning: This simp argument is unused:
  closed_mono

Hint: Omit it from the simp argument list.
  simp [emitCells, aps, List.foldr, List.foldl, Function.uncurry, subst, shift, shift_zero,
  ̲  ̲ ̲ ̲ ̲ ̲ ̲ ̲ ̲ ̲subst_shift_succ, shift_of_closed0, subst_of_closed0, closed, closed_app, c̵l̵o̵s̵e̵d̵_̵m̵o̵n̵o̵,̵ ̵closed_byteLit,
  ̲  ̲ ̲ ̲ ̲ ̲ ̲ ̲ ̲ ̲closed_boolLit, closed_incbL, closed_conssL, closed_nilL]

Note: This linter can be disabled with `set_option linter.unusedSimpArgs false`
src/ISAR/SpecVocabulary.lean:2871:43: warning: This simp argument is unused:
  closed_boolLit

Hint: Omit it from the simp argument list.
  simp [emitCells, aps, List.foldr, List.foldl, Function.uncurry, subst, shift, shift_zero,
  ̲  ̲ ̲ ̲ ̲ ̲ ̲ ̲ ̲ ̲subst_shift_succ, shift_of_closed0, subst_of_closed0, closed, closed_app, closed_mono,
  ̲  ̲ ̲ ̲ ̲ ̲ ̲ ̲ ̲ ̲closed_byteLit, c̵l̵o̵s̵e̵d̵_̵b̵o̵o̵l̵L̵i̵t̵,̵ ̵closed_incbL, closed_conssL, closed_nilL]

Note: This linter can be disabled with `set_option linter.unusedSimpArgs false`
src/ISAR/SpecVocabulary.lean:2871:59: warning: This simp argument is unused:
  closed_incbL

Hint: Omit it from the simp argument list.
  simp [emitCells, aps, List.foldr, List.foldl, Function.uncurry, subst, shift, shift_zero,
  ̲  ̲ ̲ ̲ ̲ ̲ ̲ ̲ ̲ ̲subst_shift_succ, shift_of_closed0, subst_of_closed0, closed, closed_app, closed_mono,
  ̲  ̲ ̲ ̲ ̲ ̲ ̲ ̲ ̲ ̲closed_byteLit, closed_boolLit, c̵l̵o̵s̵e̵d̵_̵i̵n̵c̵b̵L̵,̵closed_conssL, closed_nilL]

Note: This linter can be disabled with `set_option linter.unusedSimpArgs false`
src/ISAR/SpecVocabulary.lean:2906:25: warning: This simp argument is unused:
  shift

Hint: Omit it from the simp argument list.
  simp [b4incChainV, b4incK2V, emitCells, aps, List.foldr, List.foldl, Function.uncurry,
                subst, s̵h̵i̵f̵t̵,̵ ̵shift_zero, subst_shift_succ, shift_of_closed0, subst_of_closed0, closed,
  ̲  ̲ ̲ ̲ ̲ ̲ ̲ ̲ ̲ ̲ ̲ ̲ ̲ ̲closed_app, closed_mono, closed_byteLit, closed_boolLit, closed_incbL, closed_conssL,
  ̲  ̲ ̲ ̲ ̲ ̲ ̲ ̲ ̲ ̲ ̲ ̲ ̲ ̲closed_nilL]

Note: This linter can be disabled with `set_option linter.unusedSimpArgs false`
src/ISAR/SpecVocabulary.lean:2906:32: warning: This simp argument is unused:
  shift_zero

Hint: Omit it from the simp argument list.
  simp [b4incChainV, b4incK2V, emitCells, aps, List.foldr, List.foldl, Function.uncurry,
                subst, shift, s̵h̵i̵f̵t̵_̵z̵e̵r̵o̵,̵ ̵subst_shift_succ, shift_of_closed0, subst_of_closed0, closed,
  ̲  ̲ ̲ ̲ ̲ ̲ ̲ ̲ ̲ ̲ ̲ ̲ ̲ ̲closed_app, closed_mono, closed_byteLit, closed_boolLit, closed_incbL, closed_conssL,
  ̲  ̲ ̲ ̲ ̲ ̲ ̲ ̲ ̲ ̲ ̲ ̲ ̲ ̲closed_nilL]

Note: This linter can be disabled with `set_option linter.unusedSimpArgs false`
src/ISAR/SpecVocabulary.lean:2906:44: warning: This simp argument is unused:
  subst_shift_succ

Hint: Omit it from the simp argument list.
  simp [b4incChainV, b4incK2V, emitCells, aps, List.foldr, List.foldl, Function.uncurry,
                subst, shift, shift_zero, s̵u̵b̵s̵t̵_̵s̵h̵i̵f̵t̵_̵s̵u̵c̵c̵,̵shift_of_closed0, subst_of_closed0, closed, closed_app,
  ̲  ̲ ̲ ̲ ̲ ̲ ̲ ̲ ̲ ̲ ̲ ̲ ̲ ̲closed_mono, closed_byteLit, closed_boolLit, closed_incbL, closed_conssL, closed_nilL]

Note: This linter can be disabled with `set_option linter.unusedSimpArgs false`
src/ISAR/SpecVocabulary.lean:2907:54: warning: This simp argument is unused:
  closed

Hint: Omit it from the simp argument list.
  simp [b4incChainV, b4incK2V, emitCells, aps, List.foldr, List.foldl, Function.uncurry,
                subst, shift, shift_zero, subst_shift_succ, shift_of_closed0, subst_of_closed0,
  ̲  ̲ ̲ ̲ ̲ ̲ ̲ ̲ ̲ ̲ ̲ ̲ ̲ ̲c̵l̵o̵s̵e̵d̵,̵ ̵closed_app, closed_mono, closed_byteLit, closed_boolLit, closed_incbL, closed_conssL,
  ̲  ̲ ̲ ̲ ̲ ̲ ̲ ̲ ̲ ̲ ̲ ̲ ̲ ̲closed_nilL]

Note: This linter can be disabled with `set_option linter.unusedSimpArgs false`
src/ISAR/SpecVocabulary.lean:2907:62: warning: This simp argument is unused:
  closed_app

Hint: Omit it from the simp argument list.
  simp [b4incChainV, b4incK2V, emitCells, aps, List.foldr, List.foldl, Function.uncurry,
                subst, shift, shift_zero, subst_shift_succ, shift_of_closed0, subst_of_closed0,
  ̲  ̲ ̲ ̲ ̲ ̲ ̲ ̲ ̲ ̲ ̲ ̲ ̲ ̲closed, c̵l̵o̵s̵e̵d̵_̵a̵p̵p̵,̵closed_mono, closed_byteLit, closed_boolLit, closed_incbL, closed_conssL,
  ̲  ̲ ̲ ̲ ̲ ̲ ̲ ̲ ̲ ̲ ̲ ̲ ̲ ̲closed_nilL]

Note: This linter can be disabled with `set_option linter.unusedSimpArgs false`
src/ISAR/SpecVocabulary.lean:2908:18: warning: This simp argument is unused:
  closed_mono

Hint: Omit it from the simp argument list.
  simp [b4incChainV, b4incK2V, emitCells, aps, List.foldr, List.foldl, Function.uncurry,
                subst, shift, shift_zero, subst_shift_succ, shift_of_closed0, subst_of_closed0,
  ̲  ̲ ̲ ̲ ̲ ̲ ̲ ̲ ̲ ̲ ̲ ̲ ̲ ̲closed, closed_app, c̵l̵o̵s̵e̵d̵_̵m̵o̵n̵o̵,̵ ̵closed_byteLit, closed_boolLit, closed_incbL, closed_conssL,
  ̲  ̲ ̲ ̲ ̲ ̲ ̲ ̲ ̲ ̲ ̲ ̲ ̲ ̲closed_nilL]

Note: This linter can be disabled with `set_option linter.unusedSimpArgs false`
src/ISAR/SpecVocabulary.lean:2908:47: warning: This simp argument is unused:
  closed_boolLit

Hint: Omit it from the simp argument list.
  simp [b4incChainV, b4incK2V, emitCells, aps, List.foldr, List.foldl, Function.uncurry,
                subst, shift, shift_zero, subst_shift_succ, shift_of_closed0, subst_of_closed0,
  ̲  ̲ ̲ ̲ ̲ ̲ ̲ ̲ ̲ ̲ ̲ ̲ ̲ ̲closed, closed_app, closed_mono, closed_byteLit, c̵l̵o̵s̵e̵d̵_̵b̵o̵o̵l̵L̵i̵t̵,̵closed_incbL, closed_conssL,
  ̲  ̲ ̲ ̲ ̲ ̲ ̲ ̲ ̲ ̲ ̲ ̲ ̲ ̲closed_nilL]

Note: This linter can be disabled with `set_option linter.unusedSimpArgs false`
src/ISAR/SpecVocabulary.lean:2925:25: warning: This simp argument is unused:
  shift

Hint: Omit it from the simp argument list.
  simp [emitCells, aps, List.foldr, List.foldl, Function.uncurry, subst, s̵h̵i̵f̵t̵,̵ ̵shift_zero,
  ̲  ̲ ̲ ̲ ̲ ̲ ̲ ̲ ̲ ̲ ̲ ̲ ̲ ̲subst_shift_succ, shift_of_closed0, subst_of_closed0, closed, closed_app, closed_mono,
  ̲  ̲ ̲ ̲ ̲ ̲ ̲ ̲ ̲ ̲ ̲ ̲ ̲ ̲closed_byteLit, closed_boolLit, closed_incbL, closed_conssL, closed_nilL]

Note: This linter can be disabled with `set_option linter.unusedSimpArgs false`
src/ISAR/SpecVocabulary.lean:2925:32: warning: This simp argument is unused:
  shift_zero

Hint: Omit it from the simp argument list.
  simp [emitCells, aps, List.foldr, List.foldl, Function.uncurry, subst, shift,
  ̲  ̲ ̲ ̲ ̲ ̲ ̲ ̲ ̲ ̲ ̲ ̲ ̲ ̲s̵h̵i̵f̵t̵_̵z̵e̵r̵o̵,̵ ̵subst_shift_succ, shift_of_closed0, subst_of_closed0, closed, closed_app, closed_mono,
  ̲  ̲ ̲ ̲ ̲ ̲ ̲ ̲ ̲ ̲ ̲ ̲ ̲ ̲closed_byteLit, closed_boolLit, closed_incbL, closed_conssL, closed_nilL]

Note: This linter can be disabled with `set_option linter.unusedSimpArgs false`
src/ISAR/SpecVocabulary.lean:2925:44: warning: This simp argument is unused:
  subst_shift_succ

Hint: Omit it from the simp argument list.
  simp [emitCells, aps, List.foldr, List.foldl, Function.uncurry, subst, shift,
  ̲  ̲ ̲ ̲ ̲ ̲ ̲ ̲ ̲ ̲ ̲ ̲ ̲ ̲shift_zero, s̵u̵b̵s̵t̵_̵s̵h̵i̵f̵t̵_̵s̵u̵c̵c̵,̵shift_of_closed0, subst_of_closed0, closed, closed_app, closed_mono,
                closed_byteLit, closed_boolLit, closed_incbL, closed_conssL, closed_nilL]

Note: This linter can be disabled with `set_option linter.unusedSimpArgs false`
src/ISAR/SpecVocabulary.lean:2926:62: warning: This simp argument is unused:
  closed_app

Hint: Omit it from the simp argument list.
  simp [emitCells, aps, List.foldr, List.foldl, Function.uncurry, subst, shift,
  ̲  ̲ ̲ ̲ ̲ ̲ ̲ ̲ ̲ ̲ ̲ ̲ ̲ ̲shift_zero, subst_shift_succ, shift_of_closed0, subst_of_closed0, closed, c̵l̵o̵s̵e̵d̵_̵a̵p̵p̵,̵closed_mono,
                closed_byteLit, closed_boolLit, closed_incbL, closed_conssL, closed_nilL]

Note: This linter can be disabled with `set_option linter.unusedSimpArgs false`
src/ISAR/SpecVocabulary.lean:2927:18: warning: This simp argument is unused:
  closed_mono

Hint: Omit it from the simp argument list.
  simp [emitCells, aps, List.foldr, List.foldl, Function.uncurry, subst, shift,
  ̲  ̲ ̲ ̲ ̲ ̲ ̲ ̲ ̲ ̲ ̲ ̲ ̲ ̲shift_zero, subst_shift_succ, shift_of_closed0, subst_of_closed0, closed, closed_app,
                c̵l̵o̵s̵e̵d̵_̵m̵o̵n̵o̵,̵ ̵closed_byteLit, closed_boolLit, closed_incbL, closed_conssL, closed_nilL]

Note: This linter can be disabled with `set_option linter.unusedSimpArgs false`
src/ISAR/SpecVocabulary.lean:2927:47: warning: This simp argument is unused:
  closed_boolLit

Hint: Omit it from the simp argument list.
  simp [emitCells, aps, List.foldr, List.foldl, Function.uncurry, subst, shift,
  ̲  ̲ ̲ ̲ ̲ ̲ ̲ ̲ ̲ ̲ ̲ ̲ ̲ ̲shift_zero, subst_shift_succ, shift_of_closed0, subst_of_closed0, closed, closed_app,
                closed_mono, closed_byteLit, c̵l̵o̵s̵e̵d̵_̵b̵o̵o̵l̵L̵i̵t̵,̵closed_incbL, closed_conssL, closed_nilL]

Note: This linter can be disabled with `set_option linter.unusedSimpArgs false`
src/ISAR/SpecVocabulary.lean:2928:18: warning: This simp argument is unused:
  closed_incbL

Hint: Omit it from the simp argument list.
  simp [emitCells, aps, List.foldr, List.foldl, Function.uncurry, subst, shift,
  ̲  ̲ ̲ ̲ ̲ ̲ ̲ ̲ ̲ ̲ ̲ ̲ ̲ ̲shift_zero, subst_shift_succ, shift_of_closed0, subst_of_closed0, closed, closed_app,
                closed_mono, closed_byteLit, closed_boolLit, c̵l̵o̵s̵e̵d̵_̵i̵n̵c̵b̵L̵,̵ ̵closed_conssL, closed_nilL]

Note: This linter can be disabled with `set_option linter.unusedSimpArgs false`
src/ISAR/SpecVocabulary.lean:2950:29: warning: This simp argument is unused:
  shift

Hint: Omit it from the simp argument list.
  simp [emitCells, aps, List.foldr, List.foldl, Function.uncurry, subst, s̵h̵i̵f̵t̵,̵ ̵shift_zero,
  ̲  ̲ ̲ ̲ ̲ ̲ ̲ ̲ ̲ ̲ ̲ ̲ ̲ ̲ ̲ ̲ ̲ ̲subst_shift_succ, shift_of_closed0, subst_of_closed0, closed, closed_app,
  ̲  ̲ ̲ ̲ ̲ ̲ ̲ ̲ ̲ ̲ ̲ ̲ ̲ ̲ ̲ ̲ ̲ ̲closed_mono, closed_byteLit, closed_boolLit, closed_incbL, closed_conssL,
                    closed_nilL]

Note: This linter can be disabled with `set_option linter.unusedSimpArgs false`
src/ISAR/SpecVocabulary.lean:2950:36: warning: This simp argument is unused:
  shift_zero

Hint: Omit it from the simp argument list.
  simp [emitCells, aps, List.foldr, List.foldl, Function.uncurry, subst, shift,
  ̲  ̲ ̲ ̲ ̲ ̲ ̲ ̲ ̲ ̲ ̲ ̲ ̲ ̲ ̲ ̲ ̲ ̲s̵h̵i̵f̵t̵_̵z̵e̵r̵o̵,̵ ̵subst_shift_succ, shift_of_closed0, subst_of_closed0, closed, closed_app,
  ̲  ̲ ̲ ̲ ̲ ̲ ̲ ̲ ̲ ̲ ̲ ̲ ̲ ̲ ̲ ̲ ̲ ̲closed_mono, closed_byteLit, closed_boolLit, closed_incbL, closed_conssL,
                    closed_nilL]

Note: This linter can be disabled with `set_option linter.unusedSimpArgs false`
src/ISAR/SpecVocabulary.lean:2950:48: warning: This simp argument is unused:
  subst_shift_succ

Hint: Omit it from the simp argument list.
  simp [emitCells, aps, List.foldr, List.foldl, Function.uncurry, subst, shift,
  ̲  ̲ ̲ ̲ ̲ ̲ ̲ ̲ ̲ ̲ ̲ ̲ ̲ ̲ ̲ ̲ ̲ ̲shift_zero, s̵u̵b̵s̵t̵_̵s̵h̵i̵f̵t̵_̵s̵u̵c̵c̵,̵shift_of_closed0, subst_of_closed0, closed, closed_app, closed_mono,
  ̲  ̲ ̲ ̲ ̲ ̲ ̲ ̲ ̲ ̲ ̲ ̲ ̲ ̲ ̲ ̲ ̲ ̲closed_byteLit, closed_boolLit, closed_incbL, closed_conssL, closed_nilL]

Note: This linter can be disabled with `set_option linter.unusedSimpArgs false`
src/ISAR/SpecVocabulary.lean:2952:22: warning: This simp argument is unused:
  closed_app

Hint: Omit it from the simp argument list.
  simp [emitCells, aps, List.foldr, List.foldl, Function.uncurry, subst, shift,
  ̲  ̲ ̲ ̲ ̲ ̲ ̲ ̲ ̲ ̲ ̲ ̲ ̲ ̲ ̲ ̲ ̲ ̲shift_zero, subst_shift_succ, shift_of_closed0, subst_of_closed0, closed,
                    c̵l̵o̵s̵e̵d̵_̵a̵p̵p̵,̵ ̵closed_mono, closed_byteLit, closed_boolLit, closed_incbL, closed_conssL,
                    closed_nilL]

Note: This linter can be disabled with `set_option linter.unusedSimpArgs false`
src/ISAR/SpecVocabulary.lean:2952:34: warning: This simp argument is unused:
  closed_mono

Hint: Omit it from the simp argument list.
  simp [emitCells, aps, List.foldr, List.foldl, Function.uncurry, subst, shift,
  ̲  ̲ ̲ ̲ ̲ ̲ ̲ ̲ ̲ ̲ ̲ ̲ ̲ ̲ ̲ ̲ ̲ ̲shift_zero, subst_shift_succ, shift_of_closed0, subst_of_closed0, closed,
                    closed_app, c̵l̵o̵s̵e̵d̵_̵m̵o̵n̵o̵,̵ ̵closed_byteLit, closed_boolLit, closed_incbL, closed_conssL,
                    closed_nilL]

Note: This linter can be disabled with `set_option linter.unusedSimpArgs false`
src/ISAR/SpecVocabulary.lean:2953:22: warning: This simp argument is unused:
  closed_boolLit

Hint: Omit it from the simp argument list.
  simp [emitCells, aps, List.foldr, List.foldl, Function.uncurry, subst, shift,
  ̲  ̲ ̲ ̲ ̲ ̲ ̲ ̲ ̲ ̲ ̲ ̲ ̲ ̲ ̲ ̲ ̲ ̲shift_zero, subst_shift_succ, shift_of_closed0, subst_of_closed0, closed,
                    closed_app, closed_mono, closed_byteLit, c̵l̵o̵s̵e̵d̵_̵b̵o̵o̵l̵L̵i̵t̵,̵ ̵closed_incbL, closed_conssL, closed_nilL]

Note: This linter can be disabled with `set_option linter.unusedSimpArgs false`
src/ISAR/SpecVocabulary.lean:2953:38: warning: This simp argument is unused:
  closed_incbL

Hint: Omit it from the simp argument list.
  simp [emitCells, aps, List.foldr, List.foldl, Function.uncurry, subst, shift,
  ̲  ̲ ̲ ̲ ̲ ̲ ̲ ̲ ̲ ̲ ̲ ̲ ̲ ̲ ̲ ̲ ̲ ̲shift_zero, subst_shift_succ, shift_of_closed0, subst_of_closed0, closed,
                    closed_app, closed_mono, closed_byteLit, closed_boolLit, c̵l̵o̵s̵e̵d̵_̵i̵n̵c̵b̵L̵,̵ ̵closed_conssL,
                    closed_nilL]

Note: This linter can be disabled with `set_option linter.unusedSimpArgs false`
src/ISAR/SpecVocabulary.lean:2975:49: warning: This simp argument is unused:
  ite_true

Hint: Omit it from the simp argument list.
  simp only [incBytes, h0, h1, h2, i̵t̵e̵_̵t̵r̵u̵e̵,̵ ̵ite_false, ↓reduceIte, List.map_cons, List.map_nil,
                    Function.uncurry]

Note: This linter can be disabled with `set_option linter.unusedSimpArgs false`
src/ISAR/SpecVocabulary.lean:2975:59: warning: This simp argument is unused:
  ite_false

Hint: Omit it from the simp argument list.
  simp only [incBytes, h0, h1, h2, ite_true, i̵t̵e̵_̵f̵a̵l̵s̵e̵,̵↓reduceIte, List.map_cons, List.map_nil,
  ̲  ̲ ̲ ̲ ̲ ̲ ̲ ̲ ̲ ̲ ̲ ̲ ̲ ̲ ̲ ̲ ̲ ̲Function.uncurry]

Note: This linter can be disabled with `set_option linter.unusedSimpArgs false`
src/ISAR/SpecVocabulary.lean:2998:58: warning: This simp argument is unused:
  ite_true

Hint: Omit it from the simp argument list.
  simp only [incBytes, h0, h1, eq_false (h2), i̵t̵e̵_̵t̵r̵u̵e̵,̵ite_false, ↓reduceIte, List.map_cons,
  ̲  ̲ ̲ ̲ ̲ ̲ ̲ ̲ ̲ ̲ ̲ ̲ ̲ ̲ ̲ ̲List.map_nil, Function.uncurry]

Note: This linter can be disabled with `set_option linter.unusedSimpArgs false`
src/ISAR/SpecVocabulary.lean:2999:25: warning: This simp argument is unused:
  ite_false

Hint: Omit it from the simp argument list.
  simp only [incBytes, h0, h1, eq_false (h2), ite_true, i̵t̵e̵_̵f̵a̵l̵s̵e̵,̵ ̵↓reduceIte, List.map_cons,
                  List.map_nil, Function.uncurry]

Note: This linter can be disabled with `set_option linter.unusedSimpArgs false`
src/ISAR/SpecVocabulary.lean:3021:50: warning: This simp argument is unused:
  ite_true

Hint: Omit it from the simp argument list.
  simp only [incBytes, h0, eq_false (h1), i̵t̵e̵_̵t̵r̵u̵e̵,̵ ̵ite_false, ↓reduceIte, List.map_cons,
  ̲  ̲ ̲ ̲ ̲ ̲ ̲ ̲ ̲ ̲ ̲ ̲List.map_nil, Function.uncurry]

Note: This linter can be disabled with `set_option linter.unusedSimpArgs false`
src/ISAR/SpecVocabulary.lean:3021:60: warning: This simp argument is unused:
  ite_false

Hint: Omit it from the simp argument list.
  simp only [incBytes, h0, eq_false (h1), ite_true, i̵t̵e̵_̵f̵a̵l̵s̵e̵,̵↓reduceIte, List.map_cons, List.map_nil,
  ̲  ̲ ̲ ̲ ̲ ̲ ̲ ̲ ̲ ̲ ̲ ̲Function.uncurry]

Note: This linter can be disabled with `set_option linter.unusedSimpArgs false`
src/ISAR/SpecVocabulary.lean:3044:42: warning: This simp argument is unused:
  ite_true

Hint: Omit it from the simp argument list.
  simp only [incBytes, eq_false (h0), i̵t̵e̵_̵t̵r̵u̵e̵,̵ ̵ite_false, ↓reduceIte, List.map_cons, List.map_nil,
          Function.uncurry]

Note: This linter can be disabled with `set_option linter.unusedSimpArgs false`
src/ISAR/SpecVocabulary.lean:3044:52: warning: This simp argument is unused:
  ite_false

Hint: Omit it from the simp argument list.
  simp only [incBytes, eq_false (h0), ite_true, i̵t̵e̵_̵f̵a̵l̵s̵e̵,̵↓reduceIte, List.map_cons, List.map_nil,
  ̲  ̲ ̲ ̲ ̲ ̲ ̲ ̲Function.uncurry]

Note: This linter can be disabled with `set_option linter.unusedSimpArgs false`
src/ISAR/SpecVocabulary.lean:3014:16: warning: '(simp [Function.uncurry]; exact closed_byteLit _ _)' tactic does nothing

Note: This linter can be disabled with `set_option linter.unusedTactic false`
src/ISAR/SpecVocabulary.lean:3037:12: warning: '(simp [Function.uncurry]; exact closed_byteLit _ _)' tactic does nothing

Note: This linter can be disabled with `set_option linter.unusedTactic false`
src/ISAR/SpecVocabulary.lean:3014:16: warning: this tactic is never executed

Note: This linter can be disabled with `set_option linter.unreachableTactic false`
src/ISAR/SpecVocabulary.lean:3037:12: warning: this tactic is never executed

Note: This linter can be disabled with `set_option linter.unreachableTactic false`
src/ISAR/SpecVocabulary.lean:3131:5: warning: Variable name `he` is not explicitly referenced.

The binding can be removed (if unused) or named `_` (if used implicitly).

Note: This linter can be disabled with `set_option linter.unusedVariables false`
src/ISAR/SpecVocabulary.lean:3156:54: warning: This simp argument is unused:
  shift

Hint: Omit it from the simp argument list.
  simp [lenStepL, hsteps, hstep, subst, s̵h̵i̵f̵t̵,̵subst_of_closed hi1, shift_of_closed hX,
  ̲  ̲ ̲ ̲ ̲ ̲ ̲ ̲ ̲ ̲ ̲ ̲ ̲ ̲ ̲ ̲ ̲ ̲subst_of_closed0 hX, subst_of_closed0 closed_b4incL]

Note: This linter can be disabled with `set_option linter.unusedSimpArgs false`
src/ISAR/SpecVocabulary.lean:3175:59: warning: This simp argument is unused:
  shift

Hint: Omit it from the simp argument list.
  simp [lenb4L, aps, List.foldl, hsteps, hstep, subst, s̵h̵i̵f̵t̵,̵shift_zero, subst_shift_succ, closed,
  ̲  ̲ ̲ ̲ ̲ ̲ ̲ ̲closed_app, closed_mono, closed_foldlL, closed_lenStepL, closed_scottList, closed_b4Lit,
  ̲  ̲ ̲ ̲ ̲ ̲ ̲ ̲closed_nilL, subst_of_closed, shift_of_closed, subst_of_closed0, shift_of_closed0]

Note: This linter can be disabled with `set_option linter.unusedSimpArgs false`
src/ISAR/SpecVocabulary.lean:3176:24: warning: This simp argument is unused:
  subst_shift_succ

Hint: Omit it from the simp argument list.
  simp [lenb4L, aps, List.foldl, hsteps, hstep, subst, shift, shift_zero, s̵u̵b̵s̵t̵_̵s̵h̵i̵f̵t̵_̵s̵u̵c̵c̵,̵ ̵closed, closed_app,
          closed_mono, closed_foldlL, closed_lenStepL, closed_scottList, closed_b4Lit, closed_nilL,
          subst_of_closed, shift_of_closed, subst_of_closed0, shift_of_closed0]

Note: This linter can be disabled with `set_option linter.unusedSimpArgs false`
src/ISAR/SpecVocabulary.lean:3176:42: warning: This simp argument is unused:
  closed

Hint: Omit it from the simp argument list.
  simp [lenb4L, aps, List.foldl, hsteps, hstep, subst, shift, shift_zero, subst_shift_succ,
  ̲  ̲ ̲ ̲ ̲ ̲ ̲ ̲c̵l̵o̵s̵e̵d̵,̵ ̵closed_app, closed_mono, closed_foldlL, closed_lenStepL, closed_scottList, closed_b4Lit,
  ̲  ̲ ̲ ̲ ̲ ̲ ̲ ̲closed_nilL, subst_of_closed, shift_of_closed, subst_of_closed0, shift_of_closed0]

Note: This linter can be disabled with `set_option linter.unusedSimpArgs false`
src/ISAR/SpecVocabulary.lean:3176:50: warning: This simp argument is unused:
  closed_app

Hint: Omit it from the simp argument list.
  simp [lenb4L, aps, List.foldl, hsteps, hstep, subst, shift, shift_zero, subst_shift_succ,
  ̲  ̲ ̲ ̲ ̲ ̲ ̲ ̲closed, c̵l̵o̵s̵e̵d̵_̵a̵p̵p̵,̵closed_mono, closed_foldlL, closed_lenStepL, closed_scottList, closed_b4Lit,
  ̲  ̲ ̲ ̲ ̲ ̲ ̲ ̲closed_nilL, subst_of_closed, shift_of_closed, subst_of_closed0, shift_of_closed0]

Note: This linter can be disabled with `set_option linter.unusedSimpArgs false`
src/ISAR/SpecVocabulary.lean:3177:12: warning: This simp argument is unused:
  closed_mono

Hint: Omit it from the simp argument list.
  simp [lenb4L, aps, List.foldl, hsteps, hstep, subst, shift, shift_zero, subst_shift_succ,
  ̲  ̲ ̲ ̲ ̲ ̲ ̲ ̲closed, closed_app, c̵l̵o̵s̵e̵d̵_̵m̵o̵n̵o̵,̵ ̵closed_foldlL, closed_lenStepL, closed_scottList, closed_b4Lit,
  ̲  ̲ ̲ ̲ ̲ ̲ ̲ ̲closed_nilL, subst_of_closed, shift_of_closed, subst_of_closed0, shift_of_closed0]

Note: This linter can be disabled with `set_option linter.unusedSimpArgs false`
src/ISAR/SpecVocabulary.lean:3178:12: warning: This simp argument is unused:
  closed_scottList

Hint: Omit it from the simp argument list.
  simp [lenb4L, aps, List.foldl, hsteps, hstep, subst, shift, shift_zero, subst_shift_succ,
  ̲  ̲ ̲ ̲ ̲ ̲ ̲ ̲closed, closed_app, closed_mono, closed_foldlL, closed_lenStepL, c̵l̵o̵s̵e̵d̵_̵s̵c̵o̵t̵t̵L̵i̵s̵t̵,̵ ̵closed_b4Lit, closed_nilL,
          subst_of_closed, shift_of_closed, subst_of_closed0, shift_of_closed0]

Note: This linter can be disabled with `set_option linter.unusedSimpArgs false`
src/ISAR/SpecVocabulary.lean:3178:44: warning: This simp argument is unused:
  closed_nilL

Hint: Omit it from the simp argument list.
  simp [lenb4L, aps, List.foldl, hsteps, hstep, subst, shift, shift_zero, subst_shift_succ,
  ̲  ̲ ̲ ̲ ̲ ̲ ̲ ̲closed, closed_app, closed_mono, closed_foldlL, closed_lenStepL, closed_scottList,
  ̲  ̲ ̲ ̲ ̲ ̲ ̲ ̲closed_b4Lit, c̵l̵o̵s̵e̵d̵_̵n̵i̵l̵L̵,̵subst_of_closed, shift_of_closed, subst_of_closed0, shift_of_closed0]

Note: This linter can be disabled with `set_option linter.unusedSimpArgs false`
src/ISAR/SpecVocabulary.lean:3179:29: warning: This simp argument is unused:
  shift_of_closed

Hint: Omit it from the simp argument list.
  simp [lenb4L, aps, List.foldl, hsteps, hstep, subst, shift, shift_zero, subst_shift_succ,
  ̲  ̲ ̲ ̲ ̲ ̲ ̲ ̲closed, closed_app, closed_mono, closed_foldlL, closed_lenStepL, closed_scottList,
  ̲  ̲ ̲ ̲ ̲ ̲ ̲ ̲closed_b4Lit, closed_nilL, subst_of_closed, s̵h̵i̵f̵t̵_̵o̵f̵_̵c̵l̵o̵s̵e̵d̵,̵ ̵subst_of_closed0, shift_of_closed0]

Note: This linter can be disabled with `set_option linter.unusedSimpArgs false`
src/ISAR/SpecVocabulary.lean:3179:46: warning: This simp argument is unused:
  subst_of_closed0

Hint: Omit it from the simp argument list.
  simp [lenb4L, aps, List.foldl, hsteps, hstep, subst, shift, shift_zero, subst_shift_succ,
  ̲  ̲ ̲ ̲ ̲ ̲ ̲ ̲closed, closed_app, closed_mono, closed_foldlL, closed_lenStepL, closed_scottList,
  ̲  ̲ ̲ ̲ ̲ ̲ ̲ ̲closed_b4Lit, closed_nilL, subst_of_closed, shift_of_closed, s̵u̵b̵s̵t̵_̵o̵f̵_̵c̵l̵o̵s̵e̵d̵0̵,̵shift_of_closed0]

Note: This linter can be disabled with `set_option linter.unusedSimpArgs false`
src/ISAR/SpecVocabulary.lean:3180:12: warning: This simp argument is unused:
  shift_of_closed0

Hint: Omit it from the simp argument list.
  simp [lenb4L, aps, List.foldl, hsteps, hstep, subst, shift, shift_zero, subst_shift_succ,
  ̲  ̲ ̲ ̲ ̲ ̲ ̲ ̲closed, closed_app, closed_mono, closed_foldlL, closed_lenStepL, closed_scottList,
  ̲  ̲ ̲ ̲ ̲ ̲ ̲ ̲closed_b4Lit, closed_nilL, subst_of_closed, shift_of_closed, s̵u̵b̵s̵t̵_̵o̵f̵_̵c̵l̵o̵s̵e̵d̵0̵,̵
  ̵ ̵ ̵ ̵ ̵ ̵ ̵ ̵ ̵ ̵ ̵ ̵ ̵s̵h̵i̵f̵t̵_̵o̵f̵_̵c̵l̵o̵s̵e̵d̵0̵]̵s̲u̲b̲s̲t̲_̲o̲f̲_̲c̲l̲o̲s̲e̲d̲0̲]̲

Note: This linter can be disabled with `set_option linter.unusedSimpArgs false`
ISAR.LTerm.abs
  (ISAR.LTerm.abs
    (ISAR.LTerm.abs
      (ISAR.LTerm.abs
        (ISAR.LTerm.abs
          (ISAR.LTerm.abs
            (ISAR.LTerm.abs
              (ISAR.LTerm.abs
                (ISAR.LTerm.abs
                  (ISAR.LTerm.abs
                    (ISAR.LTerm.abs
                      (ISAR.LTerm.abs
                        (ISAR.LTerm.abs
                          (ISAR.LTerm.abs (ISAR.LTerm.abs (ISAR.LTerm.abs (ISAR.LTerm.var 14))))))))))))))))
ISAR.LTerm.abs
  (ISAR.LTerm.abs
    (ISAR.LTerm.abs
      (ISAR.LTerm.abs
        (ISAR.LTerm.abs
          (ISAR.LTerm.abs
            (ISAR.LTerm.abs
              (ISAR.LTerm.abs
                (ISAR.LTerm.abs
                  (ISAR.LTerm.abs
                    (ISAR.LTerm.abs
                      (ISAR.LTerm.abs
                        (ISAR.LTerm.abs
                          (ISAR.LTerm.abs (ISAR.LTerm.abs (ISAR.LTerm.abs (ISAR.LTerm.var 14))))))))))))))))
src/ISAR/SpecVocabulary.lean:3346:48: warning: This simp argument is unused:
  subst_of_closed

Hint: Omit it from the simp argument list.
  simp [eqbL, byteLit, pairLit, aps, List.foldl, hsteps, hstep, subst, shift, subst_of_closed0,
  ̲  ̲ ̲ ̲ ̲ ̲ ̲ ̲shift_of_closed0, s̵u̵b̵s̵t̵_̵o̵f̵_̵c̵l̵o̵s̵e̵d̵,̵shift_of_closed, closed, closed_app, closed_absN, closed_mono,
          decide_eq_true_eq, closed_nibLit, closed_byteLit, closed_eqnibL, closed_andL, closed_klL,
  ̲  ̲ ̲ ̲ ̲ ̲ ̲ ̲closed_kilL]

Note: This linter can be disabled with `set_option linter.unusedSimpArgs false`
src/ISAR/SpecVocabulary.lean:3347:12: warning: This simp argument is unused:
  shift_of_closed

Hint: Omit it from the simp argument list.
  simp [eqbL, byteLit, pairLit, aps, List.foldl, hsteps, hstep, subst, shift, subst_of_closed0,
  ̲  ̲ ̲ ̲ ̲ ̲ ̲ ̲shift_of_closed0, subst_of_closed, s̵h̵i̵f̵t̵_̵o̵f̵_̵c̵l̵o̵s̵e̵d̵,̵ ̵closed, closed_app, closed_absN, closed_mono,
  ̲  ̲ ̲ ̲ ̲ ̲ ̲ ̲decide_eq_true_eq, closed_nibLit, closed_byteLit, closed_eqnibL, closed_andL, closed_klL,
  ̲  ̲ ̲ ̲ ̲ ̲ ̲ ̲closed_kilL]

Note: This linter can be disabled with `set_option linter.unusedSimpArgs false`
src/ISAR/SpecVocabulary.lean:3347:29: warning: This simp argument is unused:
  closed

Hint: Omit it from the simp argument list.
  simp [eqbL, byteLit, pairLit, aps, List.foldl, hsteps, hstep, subst, shift, subst_of_closed0,
  ̲  ̲ ̲ ̲ ̲ ̲ ̲ ̲shift_of_closed0, subst_of_closed, shift_of_closed, c̵l̵o̵s̵e̵d̵,̵ ̵closed_app, closed_absN, closed_mono,
  ̲  ̲ ̲ ̲ ̲ ̲ ̲ ̲decide_eq_true_eq, closed_nibLit, closed_byteLit, closed_eqnibL, closed_andL, closed_klL,
  ̲  ̲ ̲ ̲ ̲ ̲ ̲ ̲closed_kilL]

Note: This linter can be disabled with `set_option linter.unusedSimpArgs false`
src/ISAR/SpecVocabulary.lean:3347:37: warning: This simp argument is unused:
  closed_app

Hint: Omit it from the simp argument list.
  simp [eqbL, byteLit, pairLit, aps, List.foldl, hsteps, hstep, subst, shift, subst_of_closed0,
  ̲  ̲ ̲ ̲ ̲ ̲ ̲ ̲shift_of_closed0, subst_of_closed, shift_of_closed, closed, c̵l̵o̵s̵e̵d̵_̵a̵p̵p̵,̵ ̵closed_absN, closed_mono,
  ̲  ̲ ̲ ̲ ̲ ̲ ̲ ̲decide_eq_true_eq, closed_nibLit, closed_byteLit, closed_eqnibL, closed_andL, closed_klL,
  ̲  ̲ ̲ ̲ ̲ ̲ ̲ ̲closed_kilL]

Note: This linter can be disabled with `set_option linter.unusedSimpArgs false`
src/ISAR/SpecVocabulary.lean:3347:49: warning: This simp argument is unused:
  closed_absN

Hint: Omit it from the simp argument list.
  simp [eqbL, byteLit, pairLit, aps, List.foldl, hsteps, hstep, subst, shift, subst_of_closed0,
  ̲  ̲ ̲ ̲ ̲ ̲ ̲ ̲shift_of_closed0, subst_of_closed, shift_of_closed, closed, closed_app, c̵l̵o̵s̵e̵d̵_̵a̵b̵s̵N̵,̵closed_mono,
          decide_eq_true_eq, closed_nibLit, closed_byteLit, closed_eqnibL, closed_andL, closed_klL,
  ̲  ̲ ̲ ̲ ̲ ̲ ̲ ̲closed_kilL]

Note: This linter can be disabled with `set_option linter.unusedSimpArgs false`
src/ISAR/SpecVocabulary.lean:3348:12: warning: This simp argument is unused:
  closed_mono

Hint: Omit it from the simp argument list.
  simp [eqbL, byteLit, pairLit, aps, List.foldl, hsteps, hstep, subst, shift, subst_of_closed0,
  ̲  ̲ ̲ ̲ ̲ ̲ ̲ ̲shift_of_closed0, subst_of_closed, shift_of_closed, closed, closed_app, closed_absN,
          c̵l̵o̵s̵e̵d̵_̵m̵o̵n̵o̵,̵ ̵decide_eq_true_eq, closed_nibLit, closed_byteLit, closed_eqnibL, closed_andL, closed_klL,
  ̲  ̲ ̲ ̲ ̲ ̲ ̲ ̲closed_kilL]

Note: This linter can be disabled with `set_option linter.unusedSimpArgs false`
src/ISAR/SpecVocabulary.lean:3348:25: warning: This simp argument is unused:
  decide_eq_true_eq

Hint: Omit it from the simp argument list.
  simp [eqbL, byteLit, pairLit, aps, List.foldl, hsteps, hstep, subst, shift, subst_of_closed0,
  ̲  ̲ ̲ ̲ ̲ ̲ ̲ ̲shift_of_closed0, subst_of_closed, shift_of_closed, closed, closed_app, closed_absN,
          closed_mono, d̵e̵c̵i̵d̵e̵_̵e̵q̵_̵t̵r̵u̵e̵_̵e̵q̵,̵closed_nibLit, closed_byteLit, closed_eqnibL, closed_andL, closed_klL,
  ̲  ̲ ̲ ̲ ̲ ̲ ̲ ̲closed_kilL]

Note: This linter can be disabled with `set_option linter.unusedSimpArgs false`
src/ISAR/SpecVocabulary.lean:3349:27: warning: This simp argument is unused:
  closed_byteLit

Hint: Omit it from the simp argument list.
  simp [eqbL, byteLit, pairLit, aps, List.foldl, hsteps, hstep, subst, shift, subst_of_closed0,
  ̲  ̲ ̲ ̲ ̲ ̲ ̲ ̲shift_of_closed0, subst_of_closed, shift_of_closed, closed, closed_app, closed_absN,
          closed_mono, decide_eq_true_eq, closed_nibLit, c̵l̵o̵s̵e̵d̵_̵b̵y̵t̵e̵L̵i̵t̵,̵ ̵closed_eqnibL, closed_andL, closed_klL,
  ̲  ̲ ̲ ̲ ̲ ̲ ̲ ̲closed_kilL]

Note: This linter can be disabled with `set_option linter.unusedSimpArgs false`
src/ISAR/SpecVocabulary.lean:3350:25: warning: This simp argument is unused:
  closed_klL

Hint: Omit it from the simp argument list.
  simp [eqbL, byteLit, pairLit, aps, List.foldl, hsteps, hstep, subst, shift, subst_of_closed0,
  ̲  ̲ ̲ ̲ ̲ ̲ ̲ ̲shift_of_closed0, subst_of_closed, shift_of_closed, closed, closed_app, closed_absN,
          closed_mono, decide_eq_true_eq, closed_nibLit, closed_byteLit, closed_eqnibL, closed_andL,
  ̲  ̲ ̲ ̲ ̲ ̲ ̲ ̲c̵l̵o̵s̵e̵d̵_̵k̵l̵L̵,̵ ̵closed_kilL]

Note: This linter can be disabled with `set_option linter.unusedSimpArgs false`
src/ISAR/SpecVocabulary.lean:3350:37: warning: This simp argument is unused:
  closed_kilL

Hint: Omit it from the simp argument list.
  simp [eqbL, byteLit, pairLit, aps, List.foldl, hsteps, hstep, subst, shift, subst_of_closed0,
  ̲  ̲ ̲ ̲ ̲ ̲ ̲ ̲shift_of_closed0, subst_of_closed, shift_of_closed, closed, closed_app, closed_absN,
          closed_mono, decide_eq_true_eq, closed_nibLit, closed_byteLit, closed_eqnibL, closed_andL,
  ̲  ̲ ̲ ̲ ̲ ̲ ̲ ̲c̵l̵o̵s̵e̵d̵_̵k̵l̵L̵,̵ ̵c̵l̵o̵s̵e̵d̵_̵k̵i̵l̵L̵]̵c̲l̲o̲s̲e̲d̲_̲k̲l̲L̲]̲

Note: This linter can be disabled with `set_option linter.unusedSimpArgs false`
src/ISAR/SpecVocabulary.lean:3404:63: warning: This simp argument is unused:
  shift

Hint: Omit it from the simp argument list.
  simp [churchAddL, aps, List.foldl, hsteps, hstep, subst, sh̵i̵f̵t̵,̵
  ̵ ̵ ̵ ̵ ̵ ̵ ̵ ̵ ̵ ̵ ̵ ̵ ̵s̵ubst_of_closed0, shift_of_closed0,
           ̵ ̵ ̵ ̵closed_churchL, hf, hz]

Note: This linter can be disabled with `set_option linter.unusedSimpArgs false`
src/ISAR/SpecVocabulary.lean:3427:63: warning: This simp argument is unused:
  shift

Hint: Omit it from the simp argument list.
  simp [churchMulL, aps, List.foldl, hsteps, hstep, subst, sh̵i̵f̵t̵,̵
  ̵ ̵ ̵ ̵ ̵ ̵ ̵ ̵ ̵ ̵ ̵ ̵ ̵s̵ubst_of_closed0, shift_of_closed0,
           ̵ ̵ ̵ ̵closed_churchL, hf, hz]

Note: This linter can be disabled with `set_option linter.unusedSimpArgs false`
src/ISAR/SpecVocabulary.lean:3429:32: warning: This simp argument is unused:
  hz

Hint: Omit it from the simp argument list.
  simp [churchMulL, aps, List.foldl, hsteps, hstep, subst, shift, subst_of_closed0,
  ̲  ̲ ̲ ̲ ̲ ̲ ̲ ̲shift_of_closed0, closed_churchL, h̵f̵,̵ ̵h̵z̵]̵h̲f̲]̲

Note: This linter can be disabled with `set_option linter.unusedSimpArgs false`
src/ISAR/SpecVocabulary.lean:3467:31: warning: This simp argument is unused:
  kilL

Hint: Omit it from the simp argument list.
  simp [headL, cellLit, klL, k̵i̵l̵L̵,̵ ̵aps, List.foldl, hsteps, hstep,
  ̵  ̵ ̵ ̵ ̵ ̵ ̵ ̵ ̵ ̵subst, shift, subst_of_closed0 ht,
  ̲  ̲ ̲ ̲ ̲ ̲shift_of_closed0 ht,
  ̵  ̵ ̵ ̵ ̵ ̵ ̵ ̵ ̵ ̵subst_of_closed0 hh, shift_of_closed0 hh]

Note: This linter can be disabled with `set_option linter.unusedSimpArgs false`
src/ISAR/SpecVocabulary.lean:3513:34: warning: Variable name `hx` is not explicitly referenced.

The binding can be removed (if unused) or named `_` (if used implicitly).

Note: This linter can be disabled with `set_option linter.unusedVariables false`
src/ISAR/SpecVocabulary.lean:3516:35: warning: This simp argument is unused:
  subst

Hint: Omit it from the simp argument list.
  simp [iszStepL, hsteps, hstep, su̵b̵s̵t̵,̵ ̵s̵hift,
  ̵  ̵ ̵ ̵ ̵ ̵ ̵ ̵ ̵ ̵subst_of_closed0 hx, shift_of_closed0 hx,
         ̵ ̵ ̵ ̵subst_of_closed0 closed_kilL, shift_of_closed0 closed_kilL]

Note: This linter can be disabled with `set_option linter.unusedSimpArgs false`
src/ISAR/SpecVocabulary.lean:3516:42: warning: This simp argument is unused:
  shift

Hint: Omit it from the simp argument list.
  simp [iszStepL, hsteps, hstep, subst, sh̵i̵f̵t̵,̵
  ̵ ̵ ̵ ̵ ̵ ̵ ̵ ̵ ̵ ̵ ̵s̵ubst_of_closed0 hx, shift_of_closed0 hx,
         ̵ ̵ ̵ ̵subst_of_closed0 closed_kilL, shift_of_closed0 closed_kilL]

Note: This linter can be disabled with `set_option linter.unusedSimpArgs false`
src/ISAR/SpecVocabulary.lean:3517:10: warning: This simp argument is unused:
  subst_of_closed0 hx

Hint: Omit it from the simp argument list.
  simp [iszStepL, hsteps, hstep, subst, shift, s̵u̵b̵s̵t̵_̵o̵f̵_̵c̵l̵o̵s̵e̵d̵0̵ ̵h̵x̵,̵ ̵shift_of_closed0 hx, subst_of_closed0 closed_kilL,
  ̲  ̲ ̲ ̲ ̲ ̲shift_of_closed0 closed_kilL]

Note: This linter can be disabled with `set_option linter.unusedSimpArgs false`
src/ISAR/SpecVocabulary.lean:3517:31: warning: This simp argument is unused:
  shift_of_closed0 hx

Hint: Omit it from the simp argument list.
  simp [iszStepL, hsteps, hstep, subst, shift, subst_of_closed0 hx, s̵h̵i̵f̵t̵_̵o̵f̵_̵c̵l̵o̵s̵e̵d̵0̵ ̵h̵x̵,̵subst_of_closed0 closed_kilL,
  ̲  ̲ ̲ ̲ ̲ ̲shift_of_closed0 closed_kilL]

Note: This linter can be disabled with `set_option linter.unusedSimpArgs false`
src/ISAR/SpecVocabulary.lean:3518:40: warning: This simp argument is unused:
  shift_of_closed0 closed_kilL

Hint: Omit it from the simp argument list.
  simp [iszStepL, hsteps, hstep, subst, shift, subst_of_closed0 hx, shift_of_closed0 hx,
        subst_of_closed0 c̵l̵o̵s̵e̵d̵_̵k̵i̵l̵L̵,̵ ̵s̵h̵i̵f̵t̵_̵o̵f̵_̵c̵l̵o̵s̵e̵d̵0̵ ̵closed_kilL]

Note: This linter can be disabled with `set_option linter.unusedSimpArgs false`
src/ISAR/SpecVocabulary.lean:3571:63: warning: This simp argument is unused:
  shift

Hint: Omit it from the simp argument list.
  simp [churchAddL, aps, List.foldl, hsteps, hstep, subst, s̵h̵i̵f̵t̵,̵shift_zero, subst_of_closed0 hcM,
  ̲  ̲ ̲ ̲ ̲ ̲ ̲ ̲shift_of_closed0 hcM, subst_of_closed0 hcN, shift_of_closed0 hcN, subst_of_closed0 hf,
  ̲  ̲ ̲ ̲ ̲ ̲ ̲ ̲shift_of_closed0 hf, subst_of_closed0 hz, shift_of_closed0 hz]

Note: This linter can be disabled with `set_option linter.unusedSimpArgs false`
src/ISAR/SpecVocabulary.lean:3572:12: warning: This simp argument is unused:
  shift_zero

Hint: Omit it from the simp argument list.
  simp [churchAddL, aps, List.foldl, hsteps, hstep, subst, shift, s̵h̵i̵f̵t̵_̵z̵e̵r̵o̵,̵ ̵subst_of_closed0 hcM,
  ̲  ̲ ̲ ̲ ̲ ̲ ̲ ̲shift_of_closed0 hcM, subst_of_closed0 hcN, shift_of_closed0 hcN, subst_of_closed0 hf,
  ̲  ̲ ̲ ̲ ̲ ̲ ̲ ̲shift_of_closed0 hf, subst_of_closed0 hz, shift_of_closed0 hz]

Note: This linter can be disabled with `set_option linter.unusedSimpArgs false`
src/ISAR/SpecVocabulary.lean:3575:12: warning: This simp argument is unused:
  subst_of_closed0 hz

Hint: Omit it from the simp argument list.
  simp [churchAddL, aps, List.foldl, hsteps, hstep, subst, shift, shift_zero,
  ̲  ̲ ̲ ̲ ̲ ̲ ̲ ̲subst_of_closed0 hcM, shift_of_closed0 hcM, subst_of_closed0 hcN, shift_of_closed0 hcN,
          subst_of_closed0 hf, shift_of_closed0 hf, s̵u̵b̵s̵t̵_̵o̵f̵_̵c̵l̵o̵s̵e̵d̵0̵ ̵h̵z̵,̵ ̵shift_of_closed0 hz]

Note: This linter can be disabled with `set_option linter.unusedSimpArgs false`
src/ISAR/SpecVocabulary.lean:3591:63: warning: This simp argument is unused:
  shift

Hint: Omit it from the simp argument list.
  simp [churchMulL, aps, List.foldl, hsteps, hstep, subst, s̵h̵i̵f̵t̵,̵subst_of_closed0 hcM,
  ̲  ̲ ̲ ̲ ̲ ̲ ̲ ̲shift_of_closed0 hcM, subst_of_closed0 hcN, shift_of_closed0 hcN, subst_of_closed0 hf,
  ̲  ̲ ̲ ̲ ̲ ̲ ̲ ̲shift_of_closed0 hf]

Note: This linter can be disabled with `set_option linter.unusedSimpArgs false`
src/ISAR/SpecVocabulary.lean:3594:12: warning: This simp argument is unused:
  subst_of_closed0 hf

Hint: Omit it from the simp argument list.
  simp [churchMulL, aps, List.foldl, hsteps, hstep, subst, shift, subst_of_closed0 hcM,
  ̲  ̲ ̲ ̲ ̲ ̲ ̲ ̲shift_of_closed0 hcM, subst_of_closed0 hcN, shift_of_closed0 hcN, s̵u̵b̵s̵t̵_̵o̵f̵_̵c̵l̵o̵s̵e̵d̵0̵ ̵h̵f̵,̵ ̵shift_of_closed0 hf]

Note: This linter can be disabled with `set_option linter.unusedSimpArgs false`
src/ISAR/SpecVocabulary.lean:3665:57: warning: This simp argument is unused:
  shift

Hint: Omit it from the simp argument list.
  simp [u64L, aps, List.foldl, hsteps, hstep, subst, sh̵i̵f̵t̵,̵
  ̵ ̵ ̵ ̵ ̵ ̵ ̵ ̵ ̵ ̵ ̵ ̵ ̵s̵ubst_of_closed0 (closed_b4Lit xs),
           ̵ ̵ ̵ ̵shift_of_closed0 (closed_b4Lit xs),
  ̵  ̵ ̵ ̵ ̵ ̵ ̵ ̵ ̵ ̵ ̵ ̵subst_of_closed0 closed_u64Tail,
           ̵ ̵ ̵ ̵shift_of_closed0 closed_u64Tail,
  ̵  ̵ ̵ ̵ ̵ ̵ ̵ ̵ ̵ ̵ ̵ ̵subst_of_closed0 closed_appendL,
           ̵ ̵ ̵ ̵shift_of_closed0 closed_appendL]

Note: This linter can be disabled with `set_option linter.unusedSimpArgs false`
src/ISAR/SpecVocabulary.lean:3666:12: warning: This simp argument is unused:
  subst_of_closed0 (closed_b4Lit xs)

Hint: Omit it from the simp argument list.
  simp [u64L, aps, List.foldl, hsteps, hstep, subst, shift, s̵u̵b̵s̵t̵_̵o̵f̵_̵c̵l̵o̵s̵e̵d̵0̵ ̵(̵c̵l̵o̵s̵e̵d̵_̵b̵4̵L̵i̵t̵ ̵x̵s̵)̵,̵shift_of_closed0 (closed_b4Lit xs),
  ̲  ̲ ̲ ̲ ̲ ̲ ̲ ̲subst_of_closed0 closed_u64Tail, shift_of_closed0 closed_u64Tail,
  ̲  ̲ ̲ ̲ ̲ ̲ ̲ ̲subst_of_closed0 closed_appendL, shift_of_closed0 closed_appendL]

Note: This linter can be disabled with `set_option linter.unusedSimpArgs false`
src/ISAR/SpecVocabulary.lean:3669:12: warning: This simp argument is unused:
  shift_of_closed0 closed_u64Tail

Hint: Omit it from the simp argument list.
  simp [u64L, aps, List.foldl, hsteps, hstep, subst, shift, subst_of_closed0 (closed_b4Lit xs),
          shift_of_closed0 (closed_b4Lit xs), subst_of_closed0 closed_u64Tail,
          s̵h̵i̵f̵t̵_̵o̵f̵_̵c̵l̵o̵s̵e̵d̵0̵ ̵c̵l̵o̵s̵e̵d̵_̵u̵6̵4̵T̵a̵i̵l̵,̵subst_of_closed0 closed_appendL, shift_of_closed0 closed_appendL]

Note: This linter can be disabled with `set_option linter.unusedSimpArgs false`
src/ISAR/SpecVocabulary.lean:3671:12: warning: This simp argument is unused:
  shift_of_closed0 closed_appendL

Hint: Omit it from the simp argument list.
  simp [u64L, aps, List.foldl, hsteps, hstep, subst, shift, subst_of_closed0 (closed_b4Lit xs),
          shift_of_closed0 (closed_b4Lit xs), subst_of_closed0 closed_u64Tail,
          shift_of_closed0 closed_u64Tail, subst_of_closed0 c̵l̵o̵s̵e̵d̵_̵a̵p̵p̵e̵n̵d̵L̵,̵
  ̵ ̵ ̵ ̵ ̵ ̵ ̵ ̵ ̵ ̵ ̵ ̵ ̵s̵h̵i̵f̵t̵_̵o̵f̵_̵c̵l̵o̵s̵e̵d̵0̵ ̵closed_appendL]

Note: This linter can be disabled with `set_option linter.unusedSimpArgs false`
src/ISAR/SpecVocabulary.lean:3746:5: warning: Variable name `hT3` is not explicitly referenced.

The binding can be removed (if unused) or named `_` (if used implicitly).

Note: This linter can be disabled with `set_option linter.unusedVariables false`
src/ISAR/SpecVocabulary.lean:3747:5: warning: Variable name `hT2` is not explicitly referenced.

The binding can be removed (if unused) or named `_` (if used implicitly).

Note: This linter can be disabled with `set_option linter.unusedVariables false`
src/ISAR/SpecVocabulary.lean:3748:5: warning: Variable name `hT1` is not explicitly referenced.

The binding can be removed (if unused) or named `_` (if used implicitly).

Note: This linter can be disabled with `set_option linter.unusedVariables false`
src/ISAR/SpecVocabulary.lean:3758:10: warning: This simp argument is unused:
  shift_zero

Hint: Omit it from the simp argument list.
  simp [peel4K, align512K, alignEmit, scottList, cellLit, aps, List.foldl, List.foldr, hsteps,
  ̲  ̲ ̲ ̲ ̲ ̲hstep, subst, shift, s̵h̵i̵f̵t̵_̵z̵e̵r̵o̵,̵ ̵subst_shift_succ, subst_of_closed0, shift_of_closed0, closed, closed_app,
        closed_mono, closed_nilL, closed_klL, closed_conssL, closed_pairSrcL, closed_nibandEL,
  ̲  ̲ ̲ ̲ ̲ ̲closed_b0cT, h0, h1, h2, h3, hT1, hT2, hT3]

Note: This linter can be disabled with `set_option linter.unusedSimpArgs false`
src/ISAR/SpecVocabulary.lean:3758:22: warning: This simp argument is unused:
  subst_shift_succ

Hint: Omit it from the simp argument list.
  simp [peel4K, align512K, alignEmit, scottList, cellLit, aps, List.foldl, List.foldr, hsteps,
  ̲  ̲ ̲ ̲ ̲ ̲hstep, subst, shift, shift_zero, s̵u̵b̵s̵t̵_̵s̵h̵i̵f̵t̵_̵s̵u̵c̵c̵,̵subst_of_closed0, shift_of_closed0, closed, closed_app,
  ̲  ̲ ̲ ̲ ̲ ̲closed_mono, closed_nilL, closed_klL, closed_conssL, closed_pairSrcL, closed_nibandEL,
  ̲  ̲ ̲ ̲ ̲ ̲closed_b0cT, h0, h1, h2, h3, hT1, hT2, hT3]

Note: This linter can be disabled with `set_option linter.unusedSimpArgs false`
src/ISAR/SpecVocabulary.lean:3759:46: warning: This simp argument is unused:
  closed

Hint: Omit it from the simp argument list.
  simp [peel4K, align512K, alignEmit, scottList, cellLit, aps, List.foldl, List.foldr, hsteps,
  ̲  ̲ ̲ ̲ ̲ ̲hstep, subst, shift, shift_zero, subst_shift_succ, subst_of_closed0, shift_of_closed0,
  ̲  ̲ ̲ ̲ ̲ ̲c̵l̵o̵s̵e̵d̵,̵ ̵closed_app, closed_mono, closed_nilL, closed_klL, closed_conssL, closed_pairSrcL,
  ̲  ̲ ̲ ̲ ̲ ̲closed_nibandEL, closed_b0cT, h0, h1, h2, h3, hT1, hT2, hT3]

Note: This linter can be disabled with `set_option linter.unusedSimpArgs false`
src/ISAR/SpecVocabulary.lean:3759:54: warning: This simp argument is unused:
  closed_app

Hint: Omit it from the simp argument list.
  simp [peel4K, align512K, alignEmit, scottList, cellLit, aps, List.foldl, List.foldr, hsteps,
  ̲  ̲ ̲ ̲ ̲ ̲hstep, subst, shift, shift_zero, subst_shift_succ, subst_of_closed0, shift_of_closed0, closed,
  ̲  ̲ ̲ ̲ ̲ ̲c̵l̵o̵s̵e̵d̵_̵a̵p̵p̵,̵closed_mono, closed_nilL, closed_klL, closed_conssL, closed_pairSrcL, closed_nibandEL,
  ̲  ̲ ̲ ̲ ̲ ̲closed_b0cT, h0, h1, h2, h3, hT1, hT2, hT3]

Note: This linter can be disabled with `set_option linter.unusedSimpArgs false`
src/ISAR/SpecVocabulary.lean:3760:10: warning: This simp argument is unused:
  closed_mono

Hint: Omit it from the simp argument list.
  simp [peel4K, align512K, alignEmit, scottList, cellLit, aps, List.foldl, List.foldr, hsteps,
  ̲  ̲ ̲ ̲ ̲ ̲hstep, subst, shift, shift_zero, subst_shift_succ, subst_of_closed0, shift_of_closed0, closed,
  ̲  ̲ ̲ ̲ ̲ ̲closed_app, c̵l̵o̵s̵e̵d̵_̵m̵o̵n̵o̵,̵ ̵closed_nilL, closed_klL, closed_conssL, closed_pairSrcL, closed_nibandEL,
  ̲  ̲ ̲ ̲ ̲ ̲closed_b0cT, h0, h1, h2, h3, hT1, hT2, hT3]

Note: This linter can be disabled with `set_option linter.unusedSimpArgs false`
src/ISAR/SpecVocabulary.lean:3762:26: warning: This simp argument is unused:
  hT1

Hint: Omit it from the simp argument list.
  simp [peel4K, align512K, alignEmit, scottList, cellLit, aps, List.foldl, List.foldr, hsteps,
  ̲  ̲ ̲ ̲ ̲ ̲hstep, subst, shift, shift_zero, subst_shift_succ, subst_of_closed0, shift_of_closed0, closed,
  ̲  ̲ ̲ ̲ ̲ ̲closed_app, closed_mono, closed_nilL, closed_klL, closed_conssL, closed_pairSrcL,
  ̲  ̲ ̲ ̲ ̲ ̲closed_nibandEL, closed_b0cT, h0, h1, h2, h3, h̵T̵1̵,̵ ̵hT2, hT3]

Note: This linter can be disabled with `set_option linter.unusedSimpArgs false`
src/ISAR/SpecVocabulary.lean:3762:31: warning: This simp argument is unused:
  hT2

Hint: Omit it from the simp argument list.
  simp [peel4K, align512K, alignEmit, scottList, cellLit, aps, List.foldl, List.foldr, hsteps,
  ̲  ̲ ̲ ̲ ̲ ̲hstep, subst, shift, shift_zero, subst_shift_succ, subst_of_closed0, shift_of_closed0, closed,
  ̲  ̲ ̲ ̲ ̲ ̲closed_app, closed_mono, closed_nilL, closed_klL, closed_conssL, closed_pairSrcL,
  ̲  ̲ ̲ ̲ ̲ ̲closed_nibandEL, closed_b0cT, h0, h1, h2, h3, hT1, h̵T̵2̵,̵ ̵hT3]

Note: This linter can be disabled with `set_option linter.unusedSimpArgs false`
src/ISAR/SpecVocabulary.lean:3762:36: warning: This simp argument is unused:
  hT3

Hint: Omit it from the simp argument list.
  simp [peel4K, align512K, alignEmit, scottList, cellLit, aps, List.foldl, List.foldr, hsteps,
  ̲  ̲ ̲ ̲ ̲ ̲hstep, subst, shift, shift_zero, subst_shift_succ, subst_of_closed0, shift_of_closed0, closed,
  ̲  ̲ ̲ ̲ ̲ ̲closed_app, closed_mono, closed_nilL, closed_klL, closed_conssL, closed_pairSrcL,
  ̲  ̲ ̲ ̲ ̲ ̲closed_nibandEL, closed_b0cT, h0, h1, h2, h3, hT1, h̵T̵2̵,̵ ̵h̵T̵3̵]̵h̲T̲2̲]̲

Note: This linter can be disabled with `set_option linter.unusedSimpArgs false`
src/ISAR/SpecVocabulary.lean:3768:5: warning: Variable name `hT3` is not explicitly referenced.

The binding can be removed (if unused) or named `_` (if used implicitly).

Note: This linter can be disabled with `set_option linter.unusedVariables false`
src/ISAR/SpecVocabulary.lean:3769:5: warning: Variable name `hT2` is not explicitly referenced.

The binding can be removed (if unused) or named `_` (if used implicitly).

Note: This linter can be disabled with `set_option linter.unusedVariables false`
src/ISAR/SpecVocabulary.lean:3770:5: warning: Variable name `hT1` is not explicitly referenced.

The binding can be removed (if unused) or named `_` (if used implicitly).

Note: This linter can be disabled with `set_option linter.unusedVariables false`
src/ISAR/SpecVocabulary.lean:3780:10: warning: This simp argument is unused:
  shift_zero

Hint: Omit it from the simp argument list.
  simp [peel4K, align4096K, alignEmit, scottList, cellLit, aps, List.foldl, List.foldr, hsteps,
  ̲  ̲ ̲ ̲ ̲ ̲hstep, subst, shift, s̵h̵i̵f̵t̵_̵z̵e̵r̵o̵,̵ ̵subst_shift_succ, subst_of_closed0, shift_of_closed0, closed, closed_app,
        closed_mono, closed_nilL, closed_klL, closed_conssL, closed_pairSrcL, closed_nibandEL,
  ̲  ̲ ̲ ̲ ̲ ̲closed_b0cT, closed_nibLit, h0, h1, h2, h3, hT1, hT2, hT3]

Note: This linter can be disabled with `set_option linter.unusedSimpArgs false`
src/ISAR/SpecVocabulary.lean:3780:22: warning: This simp argument is unused:
  subst_shift_succ

Hint: Omit it from the simp argument list.
  simp [peel4K, align4096K, alignEmit, scottList, cellLit, aps, List.foldl, List.foldr, hsteps,
  ̲  ̲ ̲ ̲ ̲ ̲hstep, subst, shift, shift_zero, s̵u̵b̵s̵t̵_̵s̵h̵i̵f̵t̵_̵s̵u̵c̵c̵,̵subst_of_closed0, shift_of_closed0, closed, closed_app,
  ̲  ̲ ̲ ̲ ̲ ̲closed_mono, closed_nilL, closed_klL, closed_conssL, closed_pairSrcL, closed_nibandEL,
  ̲  ̲ ̲ ̲ ̲ ̲closed_b0cT, closed_nibLit, h0, h1, h2, h3, hT1, hT2, hT3]

Note: This linter can be disabled with `set_option linter.unusedSimpArgs false`
src/ISAR/SpecVocabulary.lean:3781:46: warning: This simp argument is unused:
  closed

Hint: Omit it from the simp argument list.
  simp [peel4K, align4096K, alignEmit, scottList, cellLit, aps, List.foldl, List.foldr, hsteps,
  ̲  ̲ ̲ ̲ ̲ ̲hstep, subst, shift, shift_zero, subst_shift_succ, subst_of_closed0, shift_of_closed0,
  ̲  ̲ ̲ ̲ ̲ ̲c̵l̵o̵s̵e̵d̵,̵ ̵closed_app, closed_mono, closed_nilL, closed_klL, closed_conssL, closed_pairSrcL,
  ̲  ̲ ̲ ̲ ̲ ̲closed_nibandEL, closed_b0cT, closed_nibLit, h0, h1, h2, h3, hT1, hT2, hT3]

Note: This linter can be disabled with `set_option linter.unusedSimpArgs false`
src/ISAR/SpecVocabulary.lean:3781:54: warning: This simp argument is unused:
  closed_app

Hint: Omit it from the simp argument list.
  simp [peel4K, align4096K, alignEmit, scottList, cellLit, aps, List.foldl, List.foldr, hsteps,
  ̲  ̲ ̲ ̲ ̲ ̲hstep, subst, shift, shift_zero, subst_shift_succ, subst_of_closed0, shift_of_closed0, closed,
  ̲  ̲ ̲ ̲ ̲ ̲c̵l̵o̵s̵e̵d̵_̵a̵p̵p̵,̵closed_mono, closed_nilL, closed_klL, closed_conssL, closed_pairSrcL, closed_nibandEL,
  ̲  ̲ ̲ ̲ ̲ ̲closed_b0cT, closed_nibLit, h0, h1, h2, h3, hT1, hT2, hT3]

Note: This linter can be disabled with `set_option linter.unusedSimpArgs false`
src/ISAR/SpecVocabulary.lean:3782:10: warning: This simp argument is unused:
  closed_mono

Hint: Omit it from the simp argument list.
  simp [peel4K, align4096K, alignEmit, scottList, cellLit, aps, List.foldl, List.foldr, hsteps,
  ̲  ̲ ̲ ̲ ̲ ̲hstep, subst, shift, shift_zero, subst_shift_succ, subst_of_closed0, shift_of_closed0, closed,
  ̲  ̲ ̲ ̲ ̲ ̲closed_app, c̵l̵o̵s̵e̵d̵_̵m̵o̵n̵o̵,̵ ̵closed_nilL, closed_klL, closed_conssL, closed_pairSrcL, closed_nibandEL,
  ̲  ̲ ̲ ̲ ̲ ̲closed_b0cT, closed_nibLit, h0, h1, h2, h3, hT1, hT2, hT3]

Note: This linter can be disabled with `set_option linter.unusedSimpArgs false`
src/ISAR/SpecVocabulary.lean:3783:27: warning: This simp argument is unused:
  closed_nibandEL

Hint: Omit it from the simp argument list.
  simp [peel4K, align4096K, alignEmit, scottList, cellLit, aps, List.foldl, List.foldr, hsteps,
  ̲  ̲ ̲ ̲ ̲ ̲hstep, subst, shift, shift_zero, subst_shift_succ, subst_of_closed0, shift_of_closed0, closed,
  ̲  ̲ ̲ ̲ ̲ ̲closed_app, closed_mono, closed_nilL, closed_klL, closed_conssL, closed_pairSrcL, c̵l̵o̵s̵e̵d̵_̵n̵i̵b̵a̵n̵d̵E̵L̵,̵ ̵closed_b0cT,
        closed_nibLit, h0, h1, h2, h3, hT1, hT2, hT3]

Note: This linter can be disabled with `set_option linter.unusedSimpArgs false`
src/ISAR/SpecVocabulary.lean:3785:26: warning: This simp argument is unused:
  hT1

Hint: Omit it from the simp argument list.
  simp [peel4K, align4096K, alignEmit, scottList, cellLit, aps, List.foldl, List.foldr, hsteps,
  ̲  ̲ ̲ ̲ ̲ ̲hstep, subst, shift, shift_zero, subst_shift_succ, subst_of_closed0, shift_of_closed0, closed,
  ̲  ̲ ̲ ̲ ̲ ̲closed_app, closed_mono, closed_nilL, closed_klL, closed_conssL, closed_pairSrcL,
  ̲  ̲ ̲ ̲ ̲ ̲closed_nibandEL, closed_b0cT, closed_nibLit, h0, h1, h2, h3, h̵T̵1̵,̵ ̵hT2, hT3]

Note: This linter can be disabled with `set_option linter.unusedSimpArgs false`
src/ISAR/SpecVocabulary.lean:3785:31: warning: This simp argument is unused:
  hT2

Hint: Omit it from the simp argument list.
  simp [peel4K, align4096K, alignEmit, scottList, cellLit, aps, List.foldl, List.foldr, hsteps,
  ̲  ̲ ̲ ̲ ̲ ̲hstep, subst, shift, shift_zero, subst_shift_succ, subst_of_closed0, shift_of_closed0, closed,
  ̲  ̲ ̲ ̲ ̲ ̲closed_app, closed_mono, closed_nilL, closed_klL, closed_conssL, closed_pairSrcL,
  ̲  ̲ ̲ ̲ ̲ ̲closed_nibandEL, closed_b0cT, closed_nibLit, h0, h1, h2, h3, hT1, h̵T̵2̵,̵ ̵hT3]

Note: This linter can be disabled with `set_option linter.unusedSimpArgs false`
src/ISAR/SpecVocabulary.lean:3785:36: warning: This simp argument is unused:
  hT3

Hint: Omit it from the simp argument list.
  simp [peel4K, align4096K, alignEmit, scottList, cellLit, aps, List.foldl, List.foldr, hsteps,
  ̲  ̲ ̲ ̲ ̲ ̲hstep, subst, shift, shift_zero, subst_shift_succ, subst_of_closed0, shift_of_closed0, closed,
  ̲  ̲ ̲ ̲ ̲ ̲closed_app, closed_mono, closed_nilL, closed_klL, closed_conssL, closed_pairSrcL,
  ̲  ̲ ̲ ̲ ̲ ̲closed_nibandEL, closed_b0cT, closed_nibLit, h0, h1, h2, h3, hT1, h̵T̵2̵,̵ ̵h̵T̵3̵]̵h̲T̲2̲]̲

Note: This linter can be disabled with `set_option linter.unusedSimpArgs false`
src/ISAR/SpecVocabulary.lean:3793:8: warning: This simp argument is unused:
  subst_shift_succ

Hint: Omit it from the simp argument list.
  simp [byteLit, pairLit, hsteps, hstep, subst, shift, shift_zero, s̵u̵b̵s̵t̵_̵s̵h̵i̵f̵t̵_̵s̵u̵c̵c̵,̵ ̵subst_of_closed0,
  ̲  ̲ ̲ ̲shift_of_closed0, closed_nibLit]

Note: This linter can be disabled with `set_option linter.unusedSimpArgs false`
src/ISAR/SpecVocabulary.lean:3793:44: warning: This simp argument is unused:
  shift_of_closed0

Hint: Omit it from the simp argument list.
  simp [byteLit, pairLit, hsteps, hstep, subst, shift, shift_zero, subst_shift_succ,
  ̲  ̲ ̲ ̲subst_of_closed0, s̵h̵i̵f̵t̵_̵o̵f̵_̵c̵l̵o̵s̵e̵d̵0̵,̵closed_nibLit]

Note: This linter can be disabled with `set_option linter.unusedSimpArgs false`
src/ISAR/SpecVocabulary.lean:3828:34: warning: This simp argument is unused:
  shift

Hint: Omit it from the simp argument list.
  simp [aps, List.foldl, subst, s̵h̵i̵f̵t̵,̵ ̵subst_of_closed0, shift_of_closed0, closed_nibLit, closed_byteLit,
  ̲  ̲ ̲ ̲ ̲ ̲closed_nibandEL, closed_b0cT, closed_conssL, closed_pairSrcL, closed_nilL]

Note: This linter can be disabled with `set_option linter.unusedSimpArgs false`
src/ISAR/SpecVocabulary.lean:3934:34: warning: This simp argument is unused:
  shift

Hint: Omit it from the simp argument list.
  simp [aps, List.foldl, subst, s̵h̵i̵f̵t̵,̵ ̵subst_of_closed0, shift_of_closed0, closed_nibLit, closed_byteLit,
  ̲  ̲ ̲ ̲ ̲ ̲closed_b0cT, closed_conssL, closed_pairSrcL, closed_nilL]

Note: This linter can be disabled with `set_option linter.unusedSimpArgs false`
src/ISAR/SpecVocabulary.lean:4050:45: warning: This simp argument is unused:
  shift

Hint: Omit it from the simp argument list.
  simp [align512L, hsteps, hstep, subst, s̵h̵i̵f̵t̵,̵ ̵aps, List.foldl, shift_zero, subst_of_closed0,
  ̲  ̲ ̲ ̲ ̲ ̲ ̲ ̲shift_of_closed0, closed_b4Lit, closed_b4addL, closed_klL, closed_nilL, closed_conssL,
  ̲  ̲ ̲ ̲ ̲ ̲ ̲ ̲closed_pairSrcL, closed_nibandEL, closed_b0cT, peel4K, align512K, alignEmit]

Note: This linter can be disabled with `set_option linter.unusedSimpArgs false`
src/ISAR/SpecVocabulary.lean:4051:12: warning: This simp argument is unused:
  shift_zero

Hint: Omit it from the simp argument list.
  simp [align512L, hsteps, hstep, subst, shift, aps, List.foldl, s̵h̵i̵f̵t̵_̵z̵e̵r̵o̵,̵ ̵subst_of_closed0,
  ̲  ̲ ̲ ̲ ̲ ̲ ̲ ̲shift_of_closed0, closed_b4Lit, closed_b4addL, closed_klL, closed_nilL, closed_conssL,
  ̲  ̲ ̲ ̲ ̲ ̲ ̲ ̲closed_pairSrcL, closed_nibandEL, closed_b0cT, peel4K, align512K, alignEmit]

Note: This linter can be disabled with `set_option linter.unusedSimpArgs false`
src/ISAR/SpecVocabulary.lean:4070:34: warning: This simp argument is unused:
  shift

Hint: Omit it from the simp argument list.
  simp [hsteps, hstep, subst, s̵h̵i̵f̵t̵,̵ ̵aps, List.foldl, peel4K, align512K, alignEmit, shift_zero,
  ̲  ̲ ̲ ̲ ̲ ̲ ̲ ̲subst_of_closed0, shift_of_closed0, closed_scottList, closed_byteLit, closed_klL,
  ̲  ̲ ̲ ̲ ̲ ̲ ̲ ̲closed_nilL, closed_conssL, closed_pairSrcL, closed_nibandEL, closed_b0cT]

Note: This linter can be disabled with `set_option linter.unusedSimpArgs false`
src/ISAR/SpecVocabulary.lean:4072:12: warning: This simp argument is unused:
  shift_zero

Hint: Omit it from the simp argument list.
  simp [hsteps, hstep, subst, shift, aps, List.foldl, peel4K, align512K, alignEmit,
          s̵h̵i̵f̵t̵_̵z̵e̵r̵o̵,̵ ̵subst_of_closed0, shift_of_closed0, closed_scottList, closed_byteLit, closed_klL,
  ̲  ̲ ̲ ̲ ̲ ̲ ̲ ̲closed_nilL, closed_conssL, closed_pairSrcL, closed_nibandEL, closed_b0cT]

Note: This linter can be disabled with `set_option linter.unusedSimpArgs false`
src/ISAR/SpecVocabulary.lean:4099:46: warning: This simp argument is unused:
  shift

Hint: Omit it from the simp argument list.
  simp [align4096L, hsteps, hstep, subst, s̵h̵i̵f̵t̵,̵ ̵aps, List.foldl, shift_zero, subst_of_closed0,
  ̲  ̲ ̲ ̲ ̲ ̲ ̲ ̲shift_of_closed0, closed_b4Lit, closed_b4addL, closed_klL, closed_nilL, closed_conssL,
  ̲  ̲ ̲ ̲ ̲ ̲ ̲ ̲closed_pairSrcL, closed_nibandEL, closed_b0cT, closed_nibLit, peel4K, align4096K, alignEmit]

Note: This linter can be disabled with `set_option linter.unusedSimpArgs false`
src/ISAR/SpecVocabulary.lean:4100:12: warning: This simp argument is unused:
  shift_zero

Hint: Omit it from the simp argument list.
  simp [align4096L, hsteps, hstep, subst, shift, aps, List.foldl, s̵h̵i̵f̵t̵_̵z̵e̵r̵o̵,̵ ̵subst_of_closed0,
  ̲  ̲ ̲ ̲ ̲ ̲ ̲ ̲shift_of_closed0, closed_b4Lit, closed_b4addL, closed_klL, closed_nilL, closed_conssL,
  ̲  ̲ ̲ ̲ ̲ ̲ ̲ ̲closed_pairSrcL, closed_nibandEL, closed_b0cT, closed_nibLit, peel4K, align4096K, alignEmit]

Note: This linter can be disabled with `set_option linter.unusedSimpArgs false`
src/ISAR/SpecVocabulary.lean:4102:44: warning: This simp argument is unused:
  closed_nibandEL

Hint: Omit it from the simp argument list.
  simp [align4096L, hsteps, hstep, subst, shift, aps, List.foldl, shift_zero, subst_of_closed0,
  ̲  ̲ ̲ ̲ ̲ ̲ ̲ ̲shift_of_closed0, closed_b4Lit, closed_b4addL, closed_klL, closed_nilL, closed_conssL,
  ̲  ̲ ̲ ̲ ̲ ̲ ̲ ̲closed_pairSrcL, c̵l̵o̵s̵e̵d̵_̵n̵i̵b̵a̵n̵d̵E̵L̵,̵ ̵closed_b0cT, closed_nibLit, peel4K, align4096K, alignEmit]

Note: This linter can be disabled with `set_option linter.unusedSimpArgs false`
src/ISAR/SpecVocabulary.lean:4119:34: warning: This simp argument is unused:
  shift

Hint: Omit it from the simp argument list.
  simp [hsteps, hstep, subst, s̵h̵i̵f̵t̵,̵ ̵aps, List.foldl, peel4K, align4096K, alignEmit, shift_zero,
  ̲  ̲ ̲ ̲ ̲ ̲ ̲ ̲subst_of_closed0, shift_of_closed0, closed_scottList, closed_byteLit, closed_klL,
  ̲  ̲ ̲ ̲ ̲ ̲ ̲ ̲closed_nilL, closed_conssL, closed_pairSrcL, closed_nibandEL, closed_b0cT, closed_nibLit]

Note: This linter can be disabled with `set_option linter.unusedSimpArgs false`
src/ISAR/SpecVocabulary.lean:4121:12: warning: This simp argument is unused:
  shift_zero

Hint: Omit it from the simp argument list.
  simp [hsteps, hstep, subst, shift, aps, List.foldl, peel4K, align4096K, alignEmit,
          s̵h̵i̵f̵t̵_̵z̵e̵r̵o̵,̵ ̵subst_of_closed0, shift_of_closed0, closed_scottList, closed_byteLit, closed_klL,
  ̲  ̲ ̲ ̲ ̲ ̲ ̲ ̲closed_nilL, closed_conssL, closed_pairSrcL, closed_nibandEL, closed_b0cT, closed_nibLit]

Note: This linter can be disabled with `set_option linter.unusedSimpArgs false`
src/ISAR/SpecVocabulary.lean:4123:44: warning: This simp argument is unused:
  closed_nibandEL

Hint: Omit it from the simp argument list.
  simp [hsteps, hstep, subst, shift, aps, List.foldl, peel4K, align4096K, alignEmit, shift_zero,
  ̲  ̲ ̲ ̲ ̲ ̲ ̲ ̲subst_of_closed0, shift_of_closed0, closed_scottList, closed_byteLit, closed_klL,
  ̲  ̲ ̲ ̲ ̲ ̲ ̲ ̲closed_nilL, closed_conssL, closed_pairSrcL, c̵l̵o̵s̵e̵d̵_̵n̵i̵b̵a̵n̵d̵E̵L̵,̵ ̵closed_b0cT, closed_nibLit]

Note: This linter can be disabled with `set_option linter.unusedSimpArgs false`
src/ISAR/SpecVocabulary.lean:4278:5: warning: Variable name `hT2` is not explicitly referenced.

The binding can be removed (if unused) or named `_` (if used implicitly).

Note: This linter can be disabled with `set_option linter.unusedVariables false`
src/ISAR/SpecVocabulary.lean:4279:5: warning: Variable name `hT1` is not explicitly referenced.

The binding can be removed (if unused) or named `_` (if used implicitly).

Note: This linter can be disabled with `set_option linter.unusedVariables false`
src/ISAR/SpecVocabulary.lean:4288:34: warning: This simp argument is unused:
  shift_zero

Hint: Omit it from the simp argument list.
  simp [scottList, cellLit, aps, List.foldl, List.foldr, hsteps, hstep, padBodyL, subst, shift,
  ̲  ̲ ̲ ̲ ̲ ̲s̵h̵i̵f̵t̵_̵z̵e̵r̵o̵,̵ ̵subst_shift_succ, subst_of_closed0, shift_of_closed0, subst_of_closed, shift_of_closed,
  ̲  ̲ ̲ ̲ ̲ ̲closed, closed_app, closed_mono, closed_nilL, closed_klL, closed_padGuardL_any,
  ̲  ̲ ̲ ̲ ̲ ̲closed_padRemL_c, h0, h1, h2, h3, hT1, hT2]

Note: This linter can be disabled with `set_option linter.unusedSimpArgs false`
src/ISAR/SpecVocabulary.lean:4288:46: warning: This simp argument is unused:
  subst_shift_succ

Hint: Omit it from the simp argument list.
  simp [scottList, cellLit, aps, List.foldl, List.foldr, hsteps, hstep, padBodyL, subst, shift,
  ̲  ̲ ̲ ̲ ̲ ̲shift_zero, s̵u̵b̵s̵t̵_̵s̵h̵i̵f̵t̵_̵s̵u̵c̵c̵,̵subst_of_closed0, shift_of_closed0, subst_of_closed, shift_of_closed, closed,
  ̲  ̲ ̲ ̲ ̲ ̲closed_app, closed_mono, closed_nilL, closed_klL, closed_padGuardL_any, closed_padRemL_c, h0,
        h1, h2, h3, hT1, hT2]

Note: This linter can be disabled with `set_option linter.unusedSimpArgs false`
src/ISAR/SpecVocabulary.lean:4290:27: warning: This simp argument is unused:
  closed

Hint: Omit it from the simp argument list.
  simp [scottList, cellLit, aps, List.foldl, List.foldr, hsteps, hstep, padBodyL, subst, shift,
  ̲  ̲ ̲ ̲ ̲ ̲shift_zero, subst_shift_succ, subst_of_closed0, shift_of_closed0, subst_of_closed,
        shift_of_closed, c̵l̵o̵s̵e̵d̵,̵ ̵closed_app, closed_mono, closed_nilL, closed_klL, closed_padGuardL_any,
  ̲  ̲ ̲ ̲ ̲ ̲closed_padRemL_c, h0, h1, h2, h3, hT1, hT2]

Note: This linter can be disabled with `set_option linter.unusedSimpArgs false`
src/ISAR/SpecVocabulary.lean:4290:35: warning: This simp argument is unused:
  closed_app

Hint: Omit it from the simp argument list.
  simp [scottList, cellLit, aps, List.foldl, List.foldr, hsteps, hstep, padBodyL, subst, shift,
  ̲  ̲ ̲ ̲ ̲ ̲shift_zero, subst_shift_succ, subst_of_closed0, shift_of_closed0, subst_of_closed,
        shift_of_closed, closed, c̵l̵o̵s̵e̵d̵_̵a̵p̵p̵,̵ ̵closed_mono, closed_nilL, closed_klL, closed_padGuardL_any,
  ̲  ̲ ̲ ̲ ̲ ̲closed_padRemL_c, h0, h1, h2, h3, hT1, hT2]

Note: This linter can be disabled with `set_option linter.unusedSimpArgs false`
src/ISAR/SpecVocabulary.lean:4293:26: warning: This simp argument is unused:
  hT1

Hint: Omit it from the simp argument list.
  simp [scottList, cellLit, aps, List.foldl, List.foldr, hsteps, hstep,
  ̵  ̵ ̵ ̵ ̵ ̵ ̵ ̵ ̵ ̵padBodyL, subst, shift,
  ̲  ̲ ̲ ̲ ̲ ̲shift_zero, subst_shift_succ,
  ̵  ̵ ̵ ̵ ̵ ̵ ̵ ̵ ̵ ̵subst_of_closed0, shift_of_closed0, subst_of_closed,
         ̵ ̵ ̵ ̵shift_of_closed, closed, closed_app, closed_mono,
  ̵  ̵ ̵ ̵ ̵ ̵ ̵ ̵ ̵ ̵closed_nilL, closed_klL,
         ̵ ̵ ̵ ̵closed_padGuardL_any, closed_padRemL_c,
  ̵  ̵ ̵ ̵ ̵ ̵ ̵ ̵ ̵ ̵h0, h1, h2, h3, hT1̵,̵ ̵h̵T̵2]

Note: This linter can be disabled with `set_option linter.unusedSimpArgs false`
src/ISAR/SpecVocabulary.lean:4293:31: warning: This simp argument is unused:
  hT2

Hint: Omit it from the simp argument list.
  simp [scottList, cellLit, aps, List.foldl, List.foldr, hsteps, hstep,
  ̵  ̵ ̵ ̵ ̵ ̵ ̵ ̵ ̵ ̵padBodyL, subst, shift,
  ̲  ̲ ̲ ̲ ̲ ̲shift_zero, subst_shift_succ,
  ̵  ̵ ̵ ̵ ̵ ̵ ̵ ̵ ̵ ̵subst_of_closed0, shift_of_closed0, subst_of_closed,
         ̵ ̵ ̵ ̵shift_of_closed, closed, closed_app, closed_mono,
  ̵  ̵ ̵ ̵ ̵ ̵ ̵ ̵ ̵ ̵closed_nilL, closed_klL,
         ̵ ̵ ̵ ̵closed_padGuardL_any, closed_padRemL_c,
  ̵  ̵ ̵ ̵ ̵ ̵ ̵ ̵ ̵ ̵h0, h1, h2, h3, hT1,̵ ̵h̵T̵2̵]

Note: This linter can be disabled with `set_option linter.unusedSimpArgs false`
src/ISAR/SpecVocabulary.lean:4367:51: warning: This simp argument is unused:
  shift

Hint: Omit it from the simp argument list.
  simp [aps, List.foldl, hsteps, hstep, subst, shift,̵
  ̵ ̵ ̵ ̵ ̵ ̵ ̵ ̵ ̵ ̵ ̵ ̵ ̵s̵h̵i̵f̵t̵_zero, subst_shift_succ, subst_of_closed0,
           ̵ ̵ ̵ ̵subst_of_closed, closed, closed_app, closed_mono,
  ̵  ̵ ̵ ̵ ̵ ̵ ̵ ̵ ̵ ̵ ̵ ̵closed_klL_any, closed_padBodyL_c]

Note: This linter can be disabled with `set_option linter.unusedSimpArgs false`
src/ISAR/SpecVocabulary.lean:4368:24: warning: This simp argument is unused:
  subst_shift_succ

Hint: Omit it from the simp argument list.
  simp [aps, List.foldl, hsteps, hstep, subst, shift, shift_zero, s̵u̵b̵s̵t̵_̵s̵h̵i̵f̵t̵_̵s̵u̵c̵c̵,̵ ̵subst_of_closed0,
          subst_of_closed, closed, closed_app, closed_mono, closed_klL_any, closed_padBodyL_c]

Note: This linter can be disabled with `set_option linter.unusedSimpArgs false`
src/ISAR/SpecVocabulary.lean:4369:29: warning: This simp argument is unused:
  closed

Hint: Omit it from the simp argument list.
  simp [aps, List.foldl, hsteps, hstep, subst, shift, shift_zero, subst_shift_succ,
  ̲  ̲ ̲ ̲ ̲ ̲ ̲ ̲subst_of_closed0, subst_of_closed, c̵l̵o̵s̵e̵d̵,̵ ̵closed_app, closed_mono, closed_klL_any,
  ̲  ̲ ̲ ̲ ̲ ̲ ̲ ̲closed_padBodyL_c]

Note: This linter can be disabled with `set_option linter.unusedSimpArgs false`
src/ISAR/SpecVocabulary.lean:4369:37: warning: This simp argument is unused:
  closed_app

Hint: Omit it from the simp argument list.
  simp [aps, List.foldl, hsteps, hstep, subst, shift, shift_zero, subst_shift_succ,
  ̲  ̲ ̲ ̲ ̲ ̲ ̲ ̲subst_of_closed0, subst_of_closed, closed, c̵l̵o̵s̵e̵d̵_̵a̵p̵p̵,̵ ̵closed_mono, closed_klL_any, closed_padBodyL_c]

Note: This linter can be disabled with `set_option linter.unusedSimpArgs false`
src/ISAR/SpecVocabulary.lean:4396:53: warning: This simp argument is unused:
  shift

Hint: Omit it from the simp argument list.
  simp [padRemL, padRemL1, aps, List.foldl, subst, shift,̵
  ̵ ̵ ̵ ̵ ̵ ̵ ̵ ̵ ̵ ̵ ̵s̵h̵i̵f̵t̵_zero, subst_shift_succ, subst_of_closed0,
         ̵ ̵ ̵ ̵shift_of_closed0, subst_of_closed, shift_of_closed,
  ̵  ̵ ̵ ̵ ̵ ̵ ̵ ̵ ̵ ̵closed, closed_app, closed_mono,
         ̵ ̵ ̵ ̵closed_padGuardL_any, closed_nibLit_any, closed_byteLit_any,
  ̵  ̵ ̵ ̵ ̵ ̵ ̵ ̵ ̵ ̵closed_churchL_any,
  ̲  ̲ ̲ ̲ ̲ ̲closed_nib2numL_any, closed_nibparL_any,
  ̵  ̵ ̵ ̵ ̵ ̵ ̵ ̵ ̵ ̵closed_churchAddL_any, closed_churchMulL_any]

Note: This linter can be disabled with `set_option linter.unusedSimpArgs false`
src/ISAR/SpecVocabulary.lean:4397:10: warning: This simp argument is unused:
  shift_zero

Hint: Omit it from the simp argument list.
  simp [padRemL, padRemL1, aps, List.foldl, subst, shift,
  ̵  ̵ ̵ ̵ ̵ ̵ ̵ ̵ ̵ ̵sh̵i̵f̵t̵_̵z̵e̵r̵o̵,̵ ̵s̵ubst_shift_succ, subst_of_closed0,
         ̵ ̵ ̵ ̵shift_of_closed0, subst_of_closed, shift_of_closed,
  ̵  ̵ ̵ ̵ ̵ ̵ ̵ ̵ ̵ ̵closed, closed_app, closed_mono,
         ̵ ̵ ̵ ̵closed_padGuardL_any, closed_nibLit_any, closed_byteLit_any,
  ̵  ̵ ̵ ̵ ̵ ̵ ̵ ̵ ̵ ̵closed_churchL_any,
  ̲  ̲ ̲ ̲ ̲ ̲closed_nib2numL_any, closed_nibparL_any,
  ̵  ̵ ̵ ̵ ̵ ̵ ̵ ̵ ̵ ̵closed_churchAddL_any, closed_churchMulL_any]

Note: This linter can be disabled with `set_option linter.unusedSimpArgs false`
src/ISAR/SpecVocabulary.lean:4397:22: warning: This simp argument is unused:
  subst_shift_succ

Hint: Omit it from the simp argument list.
  simp [padRemL, padRemL1, aps, List.foldl, subst, shift, shift_zero, s̵u̵b̵s̵t̵_̵s̵h̵i̵f̵t̵_̵s̵u̵c̵c̵,̵ ̵subst_of_closed0,
        shift_of_closed0, subst_of_closed, shift_of_closed, closed, closed_app, closed_mono,
        closed_padGuardL_any, closed_nibLit_any, closed_byteLit_any, closed_churchL_any,
  ̲  ̲ ̲ ̲ ̲ ̲closed_nib2numL_any, closed_nibparL_any, closed_churchAddL_any, closed_churchMulL_any]

Note: This linter can be disabled with `set_option linter.unusedSimpArgs false`
src/ISAR/SpecVocabulary.lean:4398:28: warning: This simp argument is unused:
  subst_of_closed

Hint: Omit it from the simp argument list.
  simp [padRemL, padRemL1, aps, List.foldl, subst, shift, shift_zero, subst_shift_succ,
  ̲  ̲ ̲ ̲ ̲ ̲subst_of_closed0, shift_of_closed0, s̵u̵b̵s̵t̵_̵o̵f̵_̵c̵l̵o̵s̵e̵d̵,̵ ̵shift_of_closed, closed, closed_app, closed_mono,
        closed_padGuardL_any, closed_nibLit_any, closed_byteLit_any, closed_churchL_any,
  ̲  ̲ ̲ ̲ ̲ ̲closed_nib2numL_any, closed_nibparL_any, closed_churchAddL_any, closed_churchMulL_any]

Note: This linter can be disabled with `set_option linter.unusedSimpArgs false`
src/ISAR/SpecVocabulary.lean:4398:45: warning: This simp argument is unused:
  shift_of_closed

Hint: Omit it from the simp argument list.
  simp [padRemL, padRemL1, aps, List.foldl, subst, shift, shift_zero, subst_shift_succ,
  ̲  ̲ ̲ ̲ ̲ ̲subst_of_closed0, shift_of_closed0, subst_of_closed, s̵h̵i̵f̵t̵_̵o̵f̵_̵c̵l̵o̵s̵e̵d̵,̵closed, closed_app, closed_mono,
  ̲  ̲ ̲ ̲ ̲ ̲closed_padGuardL_any, closed_nibLit_any, closed_byteLit_any, closed_churchL_any,
        closed_nib2numL_any, closed_nibparL_any, closed_churchAddL_any, closed_churchMulL_any]

Note: This linter can be disabled with `set_option linter.unusedSimpArgs false`
src/ISAR/SpecVocabulary.lean:4399:10: warning: This simp argument is unused:
  closed

Hint: Omit it from the simp argument list.
  simp [padRemL, padRemL1, aps, List.foldl, subst, shift, shift_zero, subst_shift_succ,
  ̲  ̲ ̲ ̲ ̲ ̲subst_of_closed0, shift_of_closed0, subst_of_closed, shift_of_closed, c̵l̵o̵s̵e̵d̵,̵ ̵closed_app, closed_mono,
        closed_padGuardL_any, closed_nibLit_any, closed_byteLit_any, closed_churchL_any,
  ̲  ̲ ̲ ̲ ̲ ̲closed_nib2numL_any, closed_nibparL_any, closed_churchAddL_any, closed_churchMulL_any]

Note: This linter can be disabled with `set_option linter.unusedSimpArgs false`
src/ISAR/SpecVocabulary.lean:4399:18: warning: This simp argument is unused:
  closed_app

Hint: Omit it from the simp argument list.
  simp [padRemL, padRemL1, aps, List.foldl, subst, shift, shift_zero, subst_shift_succ,
  ̲  ̲ ̲ ̲ ̲ ̲subst_of_closed0, shift_of_closed0, subst_of_closed, shift_of_closed, closed, c̵l̵o̵s̵e̵d̵_̵a̵p̵p̵,̵ ̵closed_mono,
        closed_padGuardL_any, closed_nibLit_any, closed_byteLit_any, closed_churchL_any,
  ̲  ̲ ̲ ̲ ̲ ̲closed_nib2numL_any, closed_nibparL_any, closed_churchAddL_any, closed_churchMulL_any]

Note: This linter can be disabled with `set_option linter.unusedSimpArgs false`
src/ISAR/SpecVocabulary.lean:4408:56: warning: This simp argument is unused:
  shift

Hint: Omit it from the simp argument list.
  simp [padRemL1, padRemInst, aps, List.foldl, subst, s̵h̵i̵f̵t̵,̵shift_zero, subst_shift_succ,
  ̲  ̲ ̲ ̲ ̲ ̲subst_of_closed0, shift_of_closed0, subst_of_closed, shift_of_closed, closed, closed_app,
  ̲  ̲ ̲ ̲ ̲ ̲closed_mono, closed_padGuardL_any, closed_nibLit_any, closed_churchL_any, closed_nib2numL_any,
  ̲  ̲ ̲ ̲ ̲ ̲closed_nibparL_any, closed_churchAddL_any, closed_churchMulL_any]

Note: This linter can be disabled with `set_option linter.unusedSimpArgs false`
src/ISAR/SpecVocabulary.lean:4409:10: warning: This simp argument is unused:
  shift_zero

Hint: Omit it from the simp argument list.
  simp [padRemL1, padRemInst, aps, List.foldl, subst, shift,
  ̵  ̵ ̵ ̵ ̵ ̵ ̵ ̵ ̵ ̵sh̵i̵f̵t̵_̵z̵e̵r̵o̵,̵ ̵s̵ubst_shift_succ, subst_of_closed0,
         ̵ ̵ ̵ ̵shift_of_closed0, subst_of_closed, shift_of_closed,
  ̵  ̵ ̵ ̵ ̵ ̵ ̵ ̵ ̵ ̵closed, closed_app, closed_mono,
         ̵ ̵ ̵ ̵closed_padGuardL_any, closed_nibLit_any,
  ̵  ̵ ̵ ̵ ̵ ̵ ̵ ̵ ̵ ̵closed_churchL_any, closed_nib2numL_any,
  ̲  ̲ ̲ ̲ ̲ ̲closed_nibparL_any,
  ̵  ̵ ̵ ̵ ̵ ̵ ̵ ̵ ̵ ̵closed_churchAddL_any, closed_churchMulL_any]

Note: This linter can be disabled with `set_option linter.unusedSimpArgs false`
src/ISAR/SpecVocabulary.lean:4409:22: warning: This simp argument is unused:
  subst_shift_succ

Hint: Omit it from the simp argument list.
  simp [padRemL1, padRemInst, aps, List.foldl, subst, shift, shift_zero, s̵u̵b̵s̵t̵_̵s̵h̵i̵f̵t̵_̵s̵u̵c̵c̵,̵ ̵subst_of_closed0,
        shift_of_closed0, subst_of_closed, shift_of_closed, closed, closed_app, closed_mono,
        closed_padGuardL_any, closed_nibLit_any, closed_churchL_any, closed_nib2numL_any,
  ̲  ̲ ̲ ̲ ̲ ̲closed_nibparL_any, closed_churchAddL_any, closed_churchMulL_any]

Note: This linter can be disabled with `set_option linter.unusedSimpArgs false`
src/ISAR/SpecVocabulary.lean:4410:28: warning: This simp argument is unused:
  subst_of_closed

Hint: Omit it from the simp argument list.
  simp [padRemL1, padRemInst, aps, List.foldl, subst, shift, shift_zero, subst_shift_succ,
  ̲  ̲ ̲ ̲ ̲ ̲subst_of_closed0, shift_of_closed0, s̵u̵b̵s̵t̵_̵o̵f̵_̵c̵l̵o̵s̵e̵d̵,̵ ̵shift_of_closed, closed, closed_app, closed_mono,
        closed_padGuardL_any, closed_nibLit_any, closed_churchL_any, closed_nib2numL_any,
  ̲  ̲ ̲ ̲ ̲ ̲closed_nibparL_any, closed_churchAddL_any, closed_churchMulL_any]

Note: This linter can be disabled with `set_option linter.unusedSimpArgs false`
src/ISAR/SpecVocabulary.lean:4410:45: warning: This simp argument is unused:
  shift_of_closed

Hint: Omit it from the simp argument list.
  simp [padRemL1, padRemInst, aps, List.foldl, subst, shift, shift_zero, subst_shift_succ,
  ̲  ̲ ̲ ̲ ̲ ̲subst_of_closed0, shift_of_closed0, subst_of_closed, s̵h̵i̵f̵t̵_̵o̵f̵_̵c̵l̵o̵s̵e̵d̵,̵closed, closed_app, closed_mono,
  ̲  ̲ ̲ ̲ ̲ ̲closed_padGuardL_any, closed_nibLit_any, closed_churchL_any, closed_nib2numL_any,
  ̲  ̲ ̲ ̲ ̲ ̲closed_nibparL_any, closed_churchAddL_any, closed_churchMulL_any]

Note: This linter can be disabled with `set_option linter.unusedSimpArgs false`
src/ISAR/SpecVocabulary.lean:4411:18: warning: This simp argument is unused:
  closed_app

Hint: Omit it from the simp argument list.
  simp [padRemL1, padRemInst, aps, List.foldl, subst, shift, shift_zero, subst_shift_succ,
  ̲  ̲ ̲ ̲ ̲ ̲subst_of_closed0, shift_of_closed0, subst_of_closed, shift_of_closed, closed, c̵l̵o̵s̵e̵d̵_̵a̵p̵p̵,̵ ̵closed_mono,
        closed_padGuardL_any, closed_nibLit_any, closed_churchL_any, closed_nib2numL_any,
  ̲  ̲ ̲ ̲ ̲ ̲closed_nibparL_any, closed_churchAddL_any, closed_churchMulL_any]

Note: This linter can be disabled with `set_option linter.unusedSimpArgs false`
src/ISAR/SpecVocabulary.lean:4420:60: warning: This simp argument is unused:
  shift

Hint: Omit it from the simp argument list.
  simp [padGuardL, aps, List.foldl, hsteps, hstep, subst, s̵h̵i̵f̵t̵,̵shift_zero, subst_shift_succ,
  ̲  ̲ ̲ ̲ ̲ ̲subst_of_closed0, shift_of_closed0, subst_of_closed, shift_of_closed, closed, closed_app,
  ̲  ̲ ̲ ̲ ̲ ̲closed_mono, closed_iszStepL_any, closed_klL_any, closed_tailL_any, closed_zerofillL_any,
        closed_churchL_any]

Note: This linter can be disabled with `set_option linter.unusedSimpArgs false`
src/ISAR/SpecVocabulary.lean:4421:22: warning: This simp argument is unused:
  subst_shift_succ

Hint: Omit it from the simp argument list.
  simp [padGuardL, aps, List.foldl, hsteps, hstep, subst, shift, shift_zero, s̵u̵b̵s̵t̵_̵s̵h̵i̵f̵t̵_̵s̵u̵c̵c̵,̵ ̵subst_of_closed0,
        shift_of_closed0, subst_of_closed, shift_of_closed, closed, closed_app, closed_mono,
        closed_iszStepL_any, closed_klL_any, closed_tailL_any, closed_zerofillL_any,
  ̲  ̲ ̲ ̲ ̲ ̲closed_churchL_any]

Note: This linter can be disabled with `set_option linter.unusedSimpArgs false`
src/ISAR/SpecVocabulary.lean:4422:10: warning: This simp argument is unused:
  shift_of_closed0

Hint: Omit it from the simp argument list.
  simp [padGuardL, aps, List.foldl, hsteps, hstep, subst, shift, shift_zero, subst_shift_succ,
  ̲  ̲ ̲ ̲ ̲ ̲subst_of_closed0, s̵h̵i̵f̵t̵_̵o̵f̵_̵c̵l̵o̵s̵e̵d̵0̵,̵ ̵subst_of_closed, shift_of_closed, closed, closed_app, closed_mono,
        closed_iszStepL_any, closed_klL_any, closed_tailL_any, closed_zerofillL_any,
  ̲  ̲ ̲ ̲ ̲ ̲closed_churchL_any]

Note: This linter can be disabled with `set_option linter.unusedSimpArgs false`
src/ISAR/SpecVocabulary.lean:4422:28: warning: This simp argument is unused:
  subst_of_closed

Hint: Omit it from the simp argument list.
  simp [padGuardL, aps, List.foldl, hsteps, hstep, subst, shift, shift_zero, subst_shift_succ,
  ̲  ̲ ̲ ̲ ̲ ̲subst_of_closed0, shift_of_closed0, s̵u̵b̵s̵t̵_̵o̵f̵_̵c̵l̵o̵s̵e̵d̵,̵ ̵shift_of_closed, closed, closed_app, closed_mono,
        closed_iszStepL_any, closed_klL_any, closed_tailL_any, closed_zerofillL_any,
  ̲  ̲ ̲ ̲ ̲ ̲closed_churchL_any]

Note: This linter can be disabled with `set_option linter.unusedSimpArgs false`
src/ISAR/SpecVocabulary.lean:4422:45: warning: This simp argument is unused:
  shift_of_closed

Hint: Omit it from the simp argument list.
  simp [padGuardL, aps, List.foldl, hsteps, hstep, subst, shift, shift_zero, subst_shift_succ,
  ̲  ̲ ̲ ̲ ̲ ̲subst_of_closed0, shift_of_closed0, subst_of_closed, s̵h̵i̵f̵t̵_̵o̵f̵_̵c̵l̵o̵s̵e̵d̵,̵closed, closed_app, closed_mono,
  ̲  ̲ ̲ ̲ ̲ ̲closed_iszStepL_any, closed_klL_any, closed_tailL_any, closed_zerofillL_any,
        closed_churchL_any]

Note: This linter can be disabled with `set_option linter.unusedSimpArgs false`
src/ISAR/SpecVocabulary.lean:4423:10: warning: This simp argument is unused:
  closed

Hint: Omit it from the simp argument list.
  simp [padGuardL, aps, List.foldl, hsteps, hstep, subst, shift, shift_zero, subst_shift_succ,
  ̲  ̲ ̲ ̲ ̲ ̲subst_of_closed0, shift_of_closed0, subst_of_closed, shift_of_closed, c̵l̵o̵s̵e̵d̵,̵ ̵closed_app, closed_mono,
        closed_iszStepL_any, closed_klL_any, closed_tailL_any, closed_zerofillL_any,
  ̲  ̲ ̲ ̲ ̲ ̲closed_churchL_any]

Note: This linter can be disabled with `set_option linter.unusedSimpArgs false`
src/ISAR/SpecVocabulary.lean:4423:18: warning: This simp argument is unused:
  closed_app

Hint: Omit it from the simp argument list.
  simp [padGuardL, aps, List.foldl, hsteps, hstep, subst, shift, shift_zero, subst_shift_succ,
  ̲  ̲ ̲ ̲ ̲ ̲subst_of_closed0, shift_of_closed0, subst_of_closed, shift_of_closed, closed, c̵l̵o̵s̵e̵d̵_̵a̵p̵p̵,̵ ̵closed_mono,
        closed_iszStepL_any, closed_klL_any, closed_tailL_any, closed_zerofillL_any,
  ̲  ̲ ̲ ̲ ̲ ̲closed_churchL_any]

Note: This linter can be disabled with `set_option linter.unusedSimpArgs false`
src/ISAR/SpecVocabulary.lean:4481:46: warning: This simp argument is unused:
  closed

Hint: Omit it from the simp argument list.
  simp [b4stepL, pairLit, cellLit, addbcL, b4stepCont, letsL, aps, List.foldl, hsteps, hstep,
  ̲  ̲ ̲ ̲ ̲ ̲subst, shift, shift_of_closed0, subst_of_closed0, c̵l̵o̵s̵e̵d̵,̵ ̵closed_app, closed_klL, closed_pairSrcL,
  ̲  ̲ ̲ ̲ ̲ ̲closed_b2nL, closed_conssL, closed_nibAddL, closed_nibCarryL, closed_orL, hh, hbh, hbt, hcn,
  ̲  ̲ ̲ ̲ ̲ ̲hacc]

Note: This linter can be disabled with `set_option linter.unusedSimpArgs false`
src/ISAR/SpecVocabulary.lean:4481:54: warning: This simp argument is unused:
  closed_app

Hint: Omit it from the simp argument list.
  simp [b4stepL, pairLit, cellLit, addbcL, b4stepCont, letsL, aps, List.foldl, hsteps, hstep,
  ̲  ̲ ̲ ̲ ̲ ̲subst, shift, shift_of_closed0, subst_of_closed0, closed, c̵l̵o̵s̵e̵d̵_̵a̵p̵p̵,̵closed_klL, closed_pairSrcL,
  ̲  ̲ ̲ ̲ ̲ ̲closed_b2nL, closed_conssL, closed_nibAddL, closed_nibCarryL, closed_orL, hh, hbh, hbt, hcn,
  ̲  ̲ ̲ ̲ ̲ ̲hacc]

Note: This linter can be disabled with `set_option linter.unusedSimpArgs false`
src/ISAR/SpecVocabulary.lean:4528:27: warning: 'omega' tactic does nothing

Note: This linter can be disabled with `set_option linter.unusedTactic false`
src/ISAR/SpecVocabulary.lean:4528:27: warning: this tactic is never executed

Note: This linter can be disabled with `set_option linter.unreachableTactic false`
src/ISAR/SpecVocabulary.lean:4584:56: warning: This simp argument is unused:
  List.drop_zero

Hint: Omit it from the simp argument list.
  simp only [scottList, List.map_nil, List.foldr_nil, L̵i̵s̵t̵.̵d̵r̵o̵p̵_̵z̵e̵r̵o̵,̵
  ̵ ̵ ̵ ̵ ̵ ̵ ̵ ̵ ̵ ̵ ̵ ̵ ̵ ̵ ̵ ̵carryAfter, resList, List.reverse_nil]

Note: This linter can be disabled with `set_option linter.unusedSimpArgs false`
src/ISAR/SpecVocabulary.lean:4673:59: warning: This simp argument is unused:
  shift

Hint: Omit it from the simp argument list.
  simp [b4addL, aps, List.foldl, hsteps, hstep, subst, s̵h̵i̵f̵t̵,̵shift_zero, subst_shift_succ,
  ̲  ̲ ̲ ̲ ̲ ̲ ̲ ̲shift_of_closed0, subst_of_closed0, closed, closed_app, closed_b4stepL, closed_b4finL,
  ̲  ̲ ̲ ̲ ̲ ̲ ̲ ̲closed_foldlL, closed_pairSrcL, closed_nibLit, closed_klL, closed_scottList, hclA, hclB]

Note: This linter can be disabled with `set_option linter.unusedSimpArgs false`
src/ISAR/SpecVocabulary.lean:4675:12: warning: This simp argument is unused:
  shift_of_closed0

Hint: Omit it from the simp argument list.
  simp [b4addL, aps, List.foldl, hsteps, hstep, subst, shift, shift_zero, subst_shift_succ,
          s̵h̵i̵f̵t̵_̵o̵f̵_̵c̵l̵o̵s̵e̵d̵0̵,̵ ̵subst_of_closed0, closed, closed_app, closed_b4stepL, closed_b4finL, closed_foldlL,
  ̲  ̲ ̲ ̲ ̲ ̲ ̲ ̲closed_pairSrcL, closed_nibLit, closed_klL, closed_scottList, hclA, hclB]

Note: This linter can be disabled with `set_option linter.unusedSimpArgs false`
src/ISAR/SpecVocabulary.lean:4675:48: warning: This simp argument is unused:
  closed

Hint: Omit it from the simp argument list.
  simp [b4addL, aps, List.foldl, hsteps, hstep, subst, shift, shift_zero, subst_shift_succ,
          shift_of_closed0, subst_of_closed0, c̵l̵o̵s̵e̵d̵,̵ ̵closed_app, closed_b4stepL, closed_b4finL,
  ̲  ̲ ̲ ̲ ̲ ̲ ̲ ̲closed_foldlL, closed_pairSrcL, closed_nibLit, closed_klL, closed_scottList, hclA, hclB]

Note: This linter can be disabled with `set_option linter.unusedSimpArgs false`
src/ISAR/SpecVocabulary.lean:4675:56: warning: This simp argument is unused:
  closed_app

Hint: Omit it from the simp argument list.
  simp [b4addL, aps, List.foldl, hsteps, hstep, subst, shift, shift_zero, subst_shift_succ,
          shift_of_closed0, subst_of_closed0, closed, c̵l̵o̵s̵e̵d̵_̵a̵p̵p̵,̵closed_b4stepL, closed_b4finL, closed_foldlL,
  ̲  ̲ ̲ ̲ ̲ ̲ ̲ ̲closed_pairSrcL, closed_nibLit, closed_klL, closed_scottList, hclA, hclB]

Note: This linter can be disabled with `set_option linter.unusedSimpArgs false`
src/ISAR/SpecVocabulary.lean:4677:39: warning: This simp argument is unused:
  closed_scottList

Hint: Omit it from the simp argument list.
  simp [b4addL, aps, List.foldl, hsteps, hstep, subst, shift, shift_zero, subst_shift_succ,
          shift_of_closed0, subst_of_closed0, closed, closed_app, closed_b4stepL, closed_b4finL,
  ̲  ̲ ̲ ̲ ̲ ̲ ̲ ̲closed_foldlL, closed_pairSrcL, closed_nibLit, closed_klL, c̵l̵o̵s̵e̵d̵_̵s̵c̵o̵t̵t̵L̵i̵s̵t̵,̵ ̵hclA, hclB]

Note: This linter can be disabled with `set_option linter.unusedSimpArgs false`
src/ISAR/SpecVocabulary.lean:4677:57: warning: This simp argument is unused:
  hclA

Hint: Omit it from the simp argument list.
  simp [b4addL, aps, List.foldl, hsteps, hstep, subst, shift,
  ̵  ̵ ̵ ̵ ̵ ̵ ̵ ̵ ̵ ̵ ̵ ̵shift_zero, subst_shift_succ,
           ̵ ̵ ̵ ̵shift_of_closed0, subst_of_closed0, closed, closed_app,
  ̵  ̵ ̵ ̵ ̵ ̵ ̵ ̵ ̵ ̵ ̵ ̵closed_b4stepL, closed_b4finL,
  ̲  ̲ ̲ ̲ ̲ ̲ ̲ ̲closed_foldlL, closed_pairSrcL,
  ̵  ̵ ̵ ̵ ̵ ̵ ̵ ̵ ̵ ̵ ̵ ̵closed_nibLit, closed_klL, closed_scottList, hclA̵,̵ ̵h̵c̵l̵B]

Note: This linter can be disabled with `set_option linter.unusedSimpArgs false`
src/ISAR/SpecVocabulary.lean:4677:63: warning: This simp argument is unused:
  hclB

Hint: Omit it from the simp argument list.
  simp [b4addL, aps, List.foldl, hsteps, hstep, subst, shift,
  ̵  ̵ ̵ ̵ ̵ ̵ ̵ ̵ ̵ ̵ ̵ ̵shift_zero, subst_shift_succ,
           ̵ ̵ ̵ ̵shift_of_closed0, subst_of_closed0, closed, closed_app,
  ̵  ̵ ̵ ̵ ̵ ̵ ̵ ̵ ̵ ̵ ̵ ̵closed_b4stepL, closed_b4finL,
  ̲  ̲ ̲ ̲ ̲ ̲ ̲ ̲closed_foldlL, closed_pairSrcL,
  ̵  ̵ ̵ ̵ ̵ ̵ ̵ ̵ ̵ ̵ ̵ ̵closed_nibLit, closed_klL, closed_scottList, hclA,̵ ̵h̵c̵l̵B̵]

Note: This linter can be disabled with `set_option linter.unusedSimpArgs false`
src/ISAR/SpecVocabulary.lean:4730:57: warning: This simp argument is unused:
  shift

Hint: Omit it from the simp argument list.
  simp [u64L, aps, List.foldl, hsteps, hstep, subst, s̵h̵i̵f̵t̵,̵subst_of_closed0 hsc, shift_of_closed0 hsc,
  ̲  ̲ ̲ ̲ ̲ ̲ ̲ ̲subst_of_closed0 closed_u64Tail, shift_of_closed0 closed_u64Tail,
  ̲  ̲ ̲ ̲ ̲ ̲ ̲ ̲subst_of_closed0 closed_appendL, shift_of_closed0 closed_appendL]

Note: This linter can be disabled with `set_option linter.unusedSimpArgs false`
src/ISAR/SpecVocabulary.lean:4731:12: warning: This simp argument is unused:
  subst_of_closed0 hsc

Hint: Omit it from the simp argument list.
  simp [u64L, aps, List.foldl, hsteps, hstep, subst, shift, s̵u̵b̵s̵t̵_̵o̵f̵_̵c̵l̵o̵s̵e̵d̵0̵ ̵h̵s̵c̵,̵ ̵shift_of_closed0 hsc,
          subst_of_closed0 closed_u64Tail, shift_of_closed0 closed_u64Tail,
          subst_of_closed0 closed_appendL, shift_of_closed0 closed_appendL]

Note: This linter can be disabled with `set_option linter.unusedSimpArgs false`
src/ISAR/SpecVocabulary.lean:4733:12: warning: This simp argument is unused:
  shift_of_closed0 closed_u64Tail

Hint: Omit it from the simp argument list.
  simp [u64L, aps, List.foldl, hsteps, hstep, subst, shift, subst_of_closed0 hsc,
  ̲  ̲ ̲ ̲ ̲ ̲ ̲ ̲shift_of_closed0 hsc, subst_of_closed0 closed_u64Tail, s̵h̵i̵f̵t̵_̵o̵f̵_̵c̵l̵o̵s̵e̵d̵0̵ ̵c̵l̵o̵s̵e̵d̵_̵u̵6̵4̵T̵a̵i̵l̵,̵subst_of_closed0 closed_appendL,
  ̲  ̲ ̲ ̲ ̲ ̲ ̲ ̲shift_of_closed0 closed_appendL]

Note: This linter can be disabled with `set_option linter.unusedSimpArgs false`
src/ISAR/SpecVocabulary.lean:4735:12: warning: This simp argument is unused:
  shift_of_closed0 closed_appendL

Hint: Omit it from the simp argument list.
  simp [u64L, aps, List.foldl, hsteps, hstep, subst, shift, subst_of_closed0 hsc,
  ̲  ̲ ̲ ̲ ̲ ̲ ̲ ̲shift_of_closed0 hsc, subst_of_closed0 closed_u64Tail, shift_of_closed0 closed_u64Tail,
          subst_of_closed0 c̵l̵o̵s̵e̵d̵_̵a̵p̵p̵e̵n̵d̵L̵,̵
  ̵ ̵ ̵ ̵ ̵ ̵ ̵ ̵ ̵ ̵ ̵ ̵ ̵s̵h̵i̵f̵t̵_̵o̵f̵_̵c̵l̵o̵s̵e̵d̵0̵ ̵closed_appendL]

Note: This linter can be disabled with `set_option linter.unusedSimpArgs false`
src/ISAR/SpecVocabulary.lean:4778:45: warning: This simp argument is unused:
  shift

Hint: Omit it from the simp argument list.
  simp [align512L, hsteps, hstep, subst, s̵h̵i̵f̵t̵,̵ ̵aps, List.foldl, shift_zero, subst_of_closed0,
  ̲  ̲ ̲ ̲ ̲ ̲ ̲ ̲shift_of_closed0, closed_scottList, hxcl, closed_b4Lit, closed_b4addL, closed_klL,
  ̲  ̲ ̲ ̲ ̲ ̲ ̲ ̲closed_nilL, closed_conssL, closed_pairSrcL, closed_nibandEL, closed_b0cT, peel4K,
  ̲  ̲ ̲ ̲ ̲ ̲ ̲ ̲align512K, alignEmit]

Note: This linter can be disabled with `set_option linter.unusedSimpArgs false`
src/ISAR/SpecVocabulary.lean:4779:42: warning: This simp argument is unused:
  shift_of_closed0

Hint: Omit it from the simp argument list.
  simp [align512L, hsteps, hstep, subst, shift, aps, List.foldl, shift_zero, subst_of_closed0,
  ̲  ̲ ̲ ̲ ̲ ̲ ̲ ̲s̵h̵i̵f̵t̵_̵o̵f̵_̵c̵l̵o̵s̵e̵d̵0̵,̵closed_scottList, hxcl, closed_b4Lit, closed_b4addL, closed_klL, closed_nilL, closed_conssL,
          closed_pairSrcL, closed_nibandEL, closed_b0cT, peel4K, align512K, alignEmit]

Note: This linter can be disabled with `set_option linter.unusedSimpArgs false`
src/ISAR/SpecVocabulary.lean:4780:12: warning: This simp argument is unused:
  closed_scottList

Hint: Omit it from the simp argument list.
  simp [align512L, hsteps, hstep, subst, shift, aps, List.foldl, shift_zero, subst_of_closed0,
  ̲  ̲ ̲ ̲ ̲ ̲ ̲ ̲shift_of_closed0, c̵l̵o̵s̵e̵d̵_̵s̵c̵o̵t̵t̵L̵i̵s̵t̵,̵ ̵hxcl, closed_b4Lit, closed_b4addL, closed_klL, closed_nilL, closed_conssL,
  ̲  ̲ ̲ ̲ ̲ ̲ ̲ ̲closed_pairSrcL, closed_nibandEL, closed_b0cT, peel4K, align512K, alignEmit]

Note: This linter can be disabled with `set_option linter.unusedSimpArgs false`
src/ISAR/SpecVocabulary.lean:4780:30: warning: This simp argument is unused:
  hxcl

Hint: Omit it from the simp argument list.
  simp [align512L, hsteps, hstep, subst, shift, aps, List.foldl, shift_zero, subst_of_closed0,
  ̲  ̲ ̲ ̲ ̲ ̲ ̲ ̲shift_of_closed0, closed_scottList, h̵x̵c̵l̵,̵ ̵closed_b4Lit, closed_b4addL, closed_klL, closed_nilL,
          closed_conssL, closed_pairSrcL, closed_nibandEL, closed_b0cT, peel4K, align512K, alignEmit]

Note: This linter can be disabled with `set_option linter.unusedSimpArgs false`
src/ISAR/SpecVocabulary.lean:4800:34: warning: This simp argument is unused:
  shift

Hint: Omit it from the simp argument list.
  simp [hsteps, hstep, subst, s̵h̵i̵f̵t̵,̵ ̵aps, List.foldl, peel4K, align512K, alignEmit, shift_zero,
  ̲  ̲ ̲ ̲ ̲ ̲ ̲ ̲subst_of_closed0, shift_of_closed0, closed_scottList, closed_byteLit, closed_klL,
  ̲  ̲ ̲ ̲ ̲ ̲ ̲ ̲closed_nilL, closed_conssL, closed_pairSrcL, closed_nibandEL, closed_b0cT]

Note: This linter can be disabled with `set_option linter.unusedSimpArgs false`
src/ISAR/SpecVocabulary.lean:4802:12: warning: This simp argument is unused:
  shift_zero

Hint: Omit it from the simp argument list.
  simp [hsteps, hstep, subst, shift, aps, List.foldl, peel4K, align512K, alignEmit,
          s̵h̵i̵f̵t̵_̵z̵e̵r̵o̵,̵ ̵subst_of_closed0, shift_of_closed0, closed_scottList, closed_byteLit, closed_klL,
  ̲  ̲ ̲ ̲ ̲ ̲ ̲ ̲closed_nilL, closed_conssL, closed_pairSrcL, closed_nibandEL, closed_b0cT]

Note: This linter can be disabled with `set_option linter.unusedSimpArgs false`
src/ISAR/SpecVocabulary.lean:4839:46: warning: This simp argument is unused:
  shift

Hint: Omit it from the simp argument list.
  simp [align4096L, hsteps, hstep, subst, s̵h̵i̵f̵t̵,̵ ̵aps, List.foldl, shift_zero, subst_of_closed0,
  ̲  ̲ ̲ ̲ ̲ ̲ ̲ ̲shift_of_closed0, closed_scottList, hxcl, closed_b4Lit, closed_b4addL, closed_klL,
  ̲  ̲ ̲ ̲ ̲ ̲ ̲ ̲closed_nilL, closed_conssL, closed_pairSrcL, closed_nibandEL, closed_b0cT, closed_nibLit,
  ̲  ̲ ̲ ̲ ̲ ̲ ̲ ̲peel4K, align4096K, alignEmit]

Note: This linter can be disabled with `set_option linter.unusedSimpArgs false`
src/ISAR/SpecVocabulary.lean:4840:42: warning: This simp argument is unused:
  shift_of_closed0

Hint: Omit it from the simp argument list.
  simp [align4096L, hsteps, hstep, subst, shift, aps, List.foldl, shift_zero, subst_of_closed0,
  ̲  ̲ ̲ ̲ ̲ ̲ ̲ ̲s̵h̵i̵f̵t̵_̵o̵f̵_̵c̵l̵o̵s̵e̵d̵0̵,̵closed_scottList, hxcl, closed_b4Lit, closed_b4addL, closed_klL, closed_nilL, closed_conssL,
          closed_pairSrcL, closed_nibandEL, closed_b0cT, closed_nibLit, peel4K, align4096K, alignEmit]

Note: This linter can be disabled with `set_option linter.unusedSimpArgs false`
src/ISAR/SpecVocabulary.lean:4841:12: warning: This simp argument is unused:
  closed_scottList

Hint: Omit it from the simp argument list.
  simp [align4096L, hsteps, hstep, subst, shift, aps, List.foldl, shift_zero, subst_of_closed0,
  ̲  ̲ ̲ ̲ ̲ ̲ ̲ ̲shift_of_closed0, c̵l̵o̵s̵e̵d̵_̵s̵c̵o̵t̵t̵L̵i̵s̵t̵,̵ ̵hxcl, closed_b4Lit, closed_b4addL, closed_klL, closed_nilL, closed_conssL,
  ̲  ̲ ̲ ̲ ̲ ̲ ̲ ̲closed_pairSrcL, closed_nibandEL, closed_b0cT, closed_nibLit, peel4K, align4096K, alignEmit]

Note: This linter can be disabled with `set_option linter.unusedSimpArgs false`
src/ISAR/SpecVocabulary.lean:4841:30: warning: This simp argument is unused:
  hxcl

Hint: Omit it from the simp argument list.
  simp [align4096L, hsteps, hstep, subst, shift, aps, List.foldl, shift_zero, subst_of_closed0,
  ̲  ̲ ̲ ̲ ̲ ̲ ̲ ̲shift_of_closed0, closed_scottList, h̵x̵c̵l̵,̵ ̵closed_b4Lit, closed_b4addL, closed_klL, closed_nilL,
          closed_conssL, closed_pairSrcL, closed_nibandEL, closed_b0cT, closed_nibLit, peel4K,
  ̲  ̲ ̲ ̲ ̲ ̲ ̲ ̲align4096K, alignEmit]

Note: This linter can be disabled with `set_option linter.unusedSimpArgs false`
src/ISAR/SpecVocabulary.lean:4843:44: warning: This simp argument is unused:
  closed_nibandEL

Hint: Omit it from the simp argument list.
  simp [align4096L, hsteps, hstep, subst, shift, aps, List.foldl, shift_zero, subst_of_closed0,
  ̲  ̲ ̲ ̲ ̲ ̲ ̲ ̲shift_of_closed0, closed_scottList, hxcl, closed_b4Lit, closed_b4addL, closed_klL,
  ̲  ̲ ̲ ̲ ̲ ̲ ̲ ̲closed_nilL, closed_conssL, closed_pairSrcL, c̵l̵o̵s̵e̵d̵_̵n̵i̵b̵a̵n̵d̵E̵L̵,̵ ̵closed_b0cT, closed_nibLit, peel4K, align4096K,
  ̲  ̲ ̲ ̲ ̲ ̲ ̲ ̲alignEmit]

Note: This linter can be disabled with `set_option linter.unusedSimpArgs false`
src/ISAR/SpecVocabulary.lean:4864:34: warning: This simp argument is unused:
  shift

Hint: Omit it from the simp argument list.
  simp [hsteps, hstep, subst, s̵h̵i̵f̵t̵,̵ ̵aps, List.foldl, peel4K, align4096K, alignEmit, shift_zero,
  ̲  ̲ ̲ ̲ ̲ ̲ ̲ ̲subst_of_closed0, shift_of_closed0, closed_scottList, closed_byteLit, closed_klL,
  ̲  ̲ ̲ ̲ ̲ ̲ ̲ ̲closed_nilL, closed_conssL, closed_pairSrcL, closed_nibandEL, closed_b0cT, closed_nibLit]

Note: This linter can be disabled with `set_option linter.unusedSimpArgs false`
src/ISAR/SpecVocabulary.lean:4866:12: warning: This simp argument is unused:
  shift_zero

Hint: Omit it from the simp argument list.
  simp [hsteps, hstep, subst, shift, aps, List.foldl, peel4K, align4096K, alignEmit,
          s̵h̵i̵f̵t̵_̵z̵e̵r̵o̵,̵ ̵subst_of_closed0, shift_of_closed0, closed_scottList, closed_byteLit, closed_klL,
  ̲  ̲ ̲ ̲ ̲ ̲ ̲ ̲closed_nilL, closed_conssL, closed_pairSrcL, closed_nibandEL, closed_b0cT, closed_nibLit]

Note: This linter can be disabled with `set_option linter.unusedSimpArgs false`
src/ISAR/SpecVocabulary.lean:4868:44: warning: This simp argument is unused:
  closed_nibandEL

Hint: Omit it from the simp argument list.
  simp [hsteps, hstep, subst, shift, aps, List.foldl, peel4K, align4096K, alignEmit, shift_zero,
  ̲  ̲ ̲ ̲ ̲ ̲ ̲ ̲subst_of_closed0, shift_of_closed0, closed_scottList, closed_byteLit, closed_klL,
  ̲  ̲ ̲ ̲ ̲ ̲ ̲ ̲closed_nilL, closed_conssL, closed_pairSrcL, c̵l̵o̵s̵e̵d̵_̵n̵i̵b̵a̵n̵d̵E̵L̵,̵ ̵closed_b0cT, closed_nibLit]

Note: This linter can be disabled with `set_option linter.unusedSimpArgs false`
src/ISAR/SpecVocabulary.lean:4886:51: warning: This simp argument is unused:
  shift

Hint: Omit it from the simp argument list.
  simp [aps, List.foldl, hsteps, hstep, subst, shift,̵
  ̵ ̵ ̵ ̵ ̵ ̵ ̵ ̵ ̵ ̵ ̵ ̵ ̵s̵h̵i̵f̵t̵_zero, subst_shift_succ, subst_of_closed0,
           ̵ ̵ ̵ ̵subst_of_closed, closed, closed_app, closed_mono,
  ̵  ̵ ̵ ̵ ̵ ̵ ̵ ̵ ̵ ̵ ̵ ̵closed_scottList, closed_byteLit,
           ̵ ̵ ̵ ̵closed_klL_any, closed_padBodyL_c]

Note: This linter can be disabled with `set_option linter.unusedSimpArgs false`
src/ISAR/SpecVocabulary.lean:4887:24: warning: This simp argument is unused:
  subst_shift_succ

Hint: Omit it from the simp argument list.
  simp [aps, List.foldl, hsteps, hstep, subst, shift, shift_zero, s̵u̵b̵s̵t̵_̵s̵h̵i̵f̵t̵_̵s̵u̵c̵c̵,̵ ̵subst_of_closed0,
          subst_of_closed, closed, closed_app, closed_mono, closed_scottList, closed_byteLit,
          closed_klL_any, closed_padBodyL_c]

Note: This linter can be disabled with `set_option linter.unusedSimpArgs false`
src/ISAR/SpecVocabulary.lean:4888:29: warning: This simp argument is unused:
  closed

Hint: Omit it from the simp argument list.
  simp [aps, List.foldl, hsteps, hstep, subst, shift, shift_zero, subst_shift_succ,
  ̲  ̲ ̲ ̲ ̲ ̲ ̲ ̲subst_of_closed0, subst_of_closed, c̵l̵o̵s̵e̵d̵,̵ ̵closed_app, closed_mono, closed_scottList,
  ̲  ̲ ̲ ̲ ̲ ̲ ̲ ̲closed_byteLit, closed_klL_any, closed_padBodyL_c]

Note: This linter can be disabled with `set_option linter.unusedSimpArgs false`
src/ISAR/SpecVocabulary.lean:4888:37: warning: This simp argument is unused:
  closed_app

Hint: Omit it from the simp argument list.
  simp [aps, List.foldl, hsteps, hstep, subst, shift, shift_zero, subst_shift_succ,
  ̲  ̲ ̲ ̲ ̲ ̲ ̲ ̲subst_of_closed0, subst_of_closed, closed, c̵l̵o̵s̵e̵d̵_̵a̵p̵p̵,̵ ̵closed_mono, closed_scottList, closed_byteLit,
          closed_klL_any, closed_padBodyL_c]

Note: This linter can be disabled with `set_option linter.unusedSimpArgs false`
src/ISAR/SpecVocabulary.lean:4889:12: warning: This simp argument is unused:
  closed_scottList

Hint: Omit it from the simp argument list.
  simp [aps, List.foldl, hsteps, hstep, subst, shift, shift_zero, subst_shift_succ,
  ̲  ̲ ̲ ̲ ̲ ̲ ̲ ̲subst_of_closed0, subst_of_closed, closed, closed_app, closed_mono, c̵l̵o̵s̵e̵d̵_̵s̵c̵o̵t̵t̵L̵i̵s̵t̵,̵ ̵closed_byteLit,
          closed_klL_any, closed_padBodyL_c]

Note: This linter can be disabled with `set_option linter.unusedSimpArgs false`
src/ISAR/SpecVocabulary.lean:4889:30: warning: This simp argument is unused:
  closed_byteLit

Hint: Omit it from the simp argument list.
  simp [aps, List.foldl, hsteps, hstep, subst, shift, shift_zero, subst_shift_succ,
  ̲  ̲ ̲ ̲ ̲ ̲ ̲ ̲subst_of_closed0, subst_of_closed, closed, closed_app, closed_mono, closed_scottList,
  ̲  ̲ ̲ ̲ ̲ ̲ ̲ ̲c̵l̵o̵s̵e̵d̵_̵b̵y̵t̵e̵L̵i̵t̵,̵closed_klL_any, closed_padBodyL_c]

Note: This linter can be disabled with `set_option linter.unusedSimpArgs false`
src/ISAR/SpecVocabulary.lean:4909:53: warning: This simp argument is unused:
  shift

Hint: Omit it from the simp argument list.
  simp [padRemL, padRemL1, aps, List.foldl, subst, shift,̵
  ̵ ̵ ̵ ̵ ̵ ̵ ̵ ̵ ̵ ̵ ̵s̵h̵i̵f̵t̵_zero, subst_shift_succ, subst_of_closed0,
         ̵ ̵ ̵ ̵shift_of_closed0, subst_of_closed, shift_of_closed,
  ̵  ̵ ̵ ̵ ̵ ̵ ̵ ̵ ̵ ̵closed, closed_app, closed_mono,
         ̵ ̵ ̵ ̵closed_padGuardL_any, closed_nibLit_any, closed_byteLit_any,
  ̵  ̵ ̵ ̵ ̵ ̵ ̵ ̵ ̵ ̵closed_churchL_any,
  ̲  ̲ ̲ ̲ ̲ ̲closed_nib2numL_any, closed_nibparL_any,
  ̵  ̵ ̵ ̵ ̵ ̵ ̵ ̵ ̵ ̵closed_churchAddL_any, closed_churchMulL_any]

Note: This linter can be disabled with `set_option linter.unusedSimpArgs false`
src/ISAR/SpecVocabulary.lean:4910:10: warning: This simp argument is unused:
  shift_zero

Hint: Omit it from the simp argument list.
  simp [padRemL, padRemL1, aps, List.foldl, subst, shift,
  ̵  ̵ ̵ ̵ ̵ ̵ ̵ ̵ ̵ ̵sh̵i̵f̵t̵_̵z̵e̵r̵o̵,̵ ̵s̵ubst_shift_succ, subst_of_closed0,
         ̵ ̵ ̵ ̵shift_of_closed0, subst_of_closed, shift_of_closed,
  ̵  ̵ ̵ ̵ ̵ ̵ ̵ ̵ ̵ ̵closed, closed_app, closed_mono,
         ̵ ̵ ̵ ̵closed_padGuardL_any, closed_nibLit_any, closed_byteLit_any,
  ̵  ̵ ̵ ̵ ̵ ̵ ̵ ̵ ̵ ̵closed_churchL_any,
  ̲  ̲ ̲ ̲ ̲ ̲closed_nib2numL_any, closed_nibparL_any,
  ̵  ̵ ̵ ̵ ̵ ̵ ̵ ̵ ̵ ̵closed_churchAddL_any, closed_churchMulL_any]

Note: This linter can be disabled with `set_option linter.unusedSimpArgs false`
src/ISAR/SpecVocabulary.lean:4910:22: warning: This simp argument is unused:
  subst_shift_succ

Hint: Omit it from the simp argument list.
  simp [padRemL, padRemL1, aps, List.foldl, subst, shift, shift_zero, s̵u̵b̵s̵t̵_̵s̵h̵i̵f̵t̵_̵s̵u̵c̵c̵,̵ ̵subst_of_closed0,
        shift_of_closed0, subst_of_closed, shift_of_closed, closed, closed_app, closed_mono,
        closed_padGuardL_any, closed_nibLit_any, closed_byteLit_any, closed_churchL_any,
  ̲  ̲ ̲ ̲ ̲ ̲closed_nib2numL_any, closed_nibparL_any, closed_churchAddL_any, closed_churchMulL_any]

Note: This linter can be disabled with `set_option linter.unusedSimpArgs false`
src/ISAR/SpecVocabulary.lean:4911:28: warning: This simp argument is unused:
  subst_of_closed

Hint: Omit it from the simp argument list.
  simp [padRemL, padRemL1, aps, List.foldl, subst, shift, shift_zero, subst_shift_succ,
  ̲  ̲ ̲ ̲ ̲ ̲subst_of_closed0, shift_of_closed0, s̵u̵b̵s̵t̵_̵o̵f̵_̵c̵l̵o̵s̵e̵d̵,̵ ̵shift_of_closed, closed, closed_app, closed_mono,
        closed_padGuardL_any, closed_nibLit_any, closed_byteLit_any, closed_churchL_any,
  ̲  ̲ ̲ ̲ ̲ ̲closed_nib2numL_any, closed_nibparL_any, closed_churchAddL_any, closed_churchMulL_any]

Note: This linter can be disabled with `set_option linter.unusedSimpArgs false`
src/ISAR/SpecVocabulary.lean:4911:45: warning: This simp argument is unused:
  shift_of_closed

Hint: Omit it from the simp argument list.
  simp [padRemL, padRemL1, aps, List.foldl, subst, shift, shift_zero, subst_shift_succ,
  ̲  ̲ ̲ ̲ ̲ ̲subst_of_closed0, shift_of_closed0, subst_of_closed, s̵h̵i̵f̵t̵_̵o̵f̵_̵c̵l̵o̵s̵e̵d̵,̵closed, closed_app, closed_mono,
  ̲  ̲ ̲ ̲ ̲ ̲closed_padGuardL_any, closed_nibLit_any, closed_byteLit_any, closed_churchL_any,
        closed_nib2numL_any, closed_nibparL_any, closed_churchAddL_any, closed_churchMulL_any]

Note: This linter can be disabled with `set_option linter.unusedSimpArgs false`
src/ISAR/SpecVocabulary.lean:4912:10: warning: This simp argument is unused:
  closed

Hint: Omit it from the simp argument list.
  simp [padRemL, padRemL1, aps, List.foldl, subst, shift, shift_zero, subst_shift_succ,
  ̲  ̲ ̲ ̲ ̲ ̲subst_of_closed0, shift_of_closed0, subst_of_closed, shift_of_closed, c̵l̵o̵s̵e̵d̵,̵ ̵closed_app, closed_mono,
        closed_padGuardL_any, closed_nibLit_any, closed_byteLit_any, closed_churchL_any,
  ̲  ̲ ̲ ̲ ̲ ̲closed_nib2numL_any, closed_nibparL_any, closed_churchAddL_any, closed_churchMulL_any]

Note: This linter can be disabled with `set_option linter.unusedSimpArgs false`
src/ISAR/SpecVocabulary.lean:4912:18: warning: This simp argument is unused:
  closed_app

Hint: Omit it from the simp argument list.
  simp [padRemL, padRemL1, aps, List.foldl, subst, shift, shift_zero, subst_shift_succ,
  ̲  ̲ ̲ ̲ ̲ ̲subst_of_closed0, shift_of_closed0, subst_of_closed, shift_of_closed, closed, c̵l̵o̵s̵e̵d̵_̵a̵p̵p̵,̵ ̵closed_mono,
        closed_padGuardL_any, closed_nibLit_any, closed_byteLit_any, closed_churchL_any,
  ̲  ̲ ̲ ̲ ̲ ̲closed_nib2numL_any, closed_nibparL_any, closed_churchAddL_any, closed_churchMulL_any]

Note: This linter can be disabled with `set_option linter.unusedSimpArgs false`
src/ISAR/SpecVocabulary.lean:4921:56: warning: This simp argument is unused:
  shift

Hint: Omit it from the simp argument list.
  simp [padRemL1, padRemInst, aps, List.foldl, subst, s̵h̵i̵f̵t̵,̵shift_zero, subst_shift_succ,
  ̲  ̲ ̲ ̲ ̲ ̲subst_of_closed0, shift_of_closed0, subst_of_closed, shift_of_closed, closed, closed_app,
  ̲  ̲ ̲ ̲ ̲ ̲closed_mono, closed_padGuardL_any, closed_nibLit_any, closed_churchL_any, closed_nib2numL_any,
  ̲  ̲ ̲ ̲ ̲ ̲closed_nibparL_any, closed_churchAddL_any, closed_churchMulL_any]

Note: This linter can be disabled with `set_option linter.unusedSimpArgs false`
src/ISAR/SpecVocabulary.lean:4922:10: warning: This simp argument is unused:
  shift_zero

Hint: Omit it from the simp argument list.
  simp [padRemL1, padRemInst, aps, List.foldl, subst, shift,
  ̵  ̵ ̵ ̵ ̵ ̵ ̵ ̵ ̵ ̵sh̵i̵f̵t̵_̵z̵e̵r̵o̵,̵ ̵s̵ubst_shift_succ, subst_of_closed0,
         ̵ ̵ ̵ ̵shift_of_closed0, subst_of_closed, shift_of_closed,
  ̵  ̵ ̵ ̵ ̵ ̵ ̵ ̵ ̵ ̵closed, closed_app, closed_mono,
         ̵ ̵ ̵ ̵closed_padGuardL_any, closed_nibLit_any,
  ̵  ̵ ̵ ̵ ̵ ̵ ̵ ̵ ̵ ̵closed_churchL_any, closed_nib2numL_any,
  ̲  ̲ ̲ ̲ ̲ ̲closed_nibparL_any,
  ̵  ̵ ̵ ̵ ̵ ̵ ̵ ̵ ̵ ̵closed_churchAddL_any, closed_churchMulL_any]

Note: This linter can be disabled with `set_option linter.unusedSimpArgs false`
src/ISAR/SpecVocabulary.lean:4922:22: warning: This simp argument is unused:
  subst_shift_succ

Hint: Omit it from the simp argument list.
  simp [padRemL1, padRemInst, aps, List.foldl, subst, shift, shift_zero, s̵u̵b̵s̵t̵_̵s̵h̵i̵f̵t̵_̵s̵u̵c̵c̵,̵ ̵subst_of_closed0,
        shift_of_closed0, subst_of_closed, shift_of_closed, closed, closed_app, closed_mono,
        closed_padGuardL_any, closed_nibLit_any, closed_churchL_any, closed_nib2numL_any,
  ̲  ̲ ̲ ̲ ̲ ̲closed_nibparL_any, closed_churchAddL_any, closed_churchMulL_any]

Note: This linter can be disabled with `set_option linter.unusedSimpArgs false`
src/ISAR/SpecVocabulary.lean:4923:28: warning: This simp argument is unused:
  subst_of_closed

Hint: Omit it from the simp argument list.
  simp [padRemL1, padRemInst, aps, List.foldl, subst, shift, shift_zero, subst_shift_succ,
  ̲  ̲ ̲ ̲ ̲ ̲subst_of_closed0, shift_of_closed0, s̵u̵b̵s̵t̵_̵o̵f̵_̵c̵l̵o̵s̵e̵d̵,̵ ̵shift_of_closed, closed, closed_app, closed_mono,
        closed_padGuardL_any, closed_nibLit_any, closed_churchL_any, closed_nib2numL_any,
  ̲  ̲ ̲ ̲ ̲ ̲closed_nibparL_any, closed_churchAddL_any, closed_churchMulL_any]

Note: This linter can be disabled with `set_option linter.unusedSimpArgs false`
src/ISAR/SpecVocabulary.lean:4923:45: warning: This simp argument is unused:
  shift_of_closed

Hint: Omit it from the simp argument list.
  simp [padRemL1, padRemInst, aps, List.foldl, subst, shift, shift_zero, subst_shift_succ,
  ̲  ̲ ̲ ̲ ̲ ̲subst_of_closed0, shift_of_closed0, subst_of_closed, s̵h̵i̵f̵t̵_̵o̵f̵_̵c̵l̵o̵s̵e̵d̵,̵closed, closed_app, closed_mono,
  ̲  ̲ ̲ ̲ ̲ ̲closed_padGuardL_any, closed_nibLit_any, closed_churchL_any, closed_nib2numL_any,
  ̲  ̲ ̲ ̲ ̲ ̲closed_nibparL_any, closed_churchAddL_any, closed_churchMulL_any]

Note: This linter can be disabled with `set_option linter.unusedSimpArgs false`
src/ISAR/SpecVocabulary.lean:4924:18: warning: This simp argument is unused:
  closed_app

Hint: Omit it from the simp argument list.
  simp [padRemL1, padRemInst, aps, List.foldl, subst, shift, shift_zero, subst_shift_succ,
  ̲  ̲ ̲ ̲ ̲ ̲subst_of_closed0, shift_of_closed0, subst_of_closed, shift_of_closed, closed, c̵l̵o̵s̵e̵d̵_̵a̵p̵p̵,̵ ̵closed_mono,
        closed_padGuardL_any, closed_nibLit_any, closed_churchL_any, closed_nib2numL_any,
  ̲  ̲ ̲ ̲ ̲ ̲closed_nibparL_any, closed_churchAddL_any, closed_churchMulL_any]

Note: This linter can be disabled with `set_option linter.unusedSimpArgs false`
src/ISAR/SpecVocabulary.lean:4933:60: warning: This simp argument is unused:
  shift

Hint: Omit it from the simp argument list.
  simp [padGuardL, aps, List.foldl, hsteps, hstep, subst, s̵h̵i̵f̵t̵,̵shift_zero, subst_shift_succ,
  ̲  ̲ ̲ ̲ ̲ ̲subst_of_closed0, shift_of_closed0, subst_of_closed, shift_of_closed, closed, closed_app,
  ̲  ̲ ̲ ̲ ̲ ̲closed_mono, closed_iszStepL_any, closed_klL_any, closed_tailL_any, closed_zerofillL_any,
        closed_churchL_any]

Note: This linter can be disabled with `set_option linter.unusedSimpArgs false`
src/ISAR/SpecVocabulary.lean:4934:22: warning: This simp argument is unused:
  subst_shift_succ

Hint: Omit it from the simp argument list.
  simp [padGuardL, aps, List.foldl, hsteps, hstep, subst, shift, shift_zero, s̵u̵b̵s̵t̵_̵s̵h̵i̵f̵t̵_̵s̵u̵c̵c̵,̵ ̵subst_of_closed0,
        shift_of_closed0, subst_of_closed, shift_of_closed, closed, closed_app, closed_mono,
        closed_iszStepL_any, closed_klL_any, closed_tailL_any, closed_zerofillL_any,
  ̲  ̲ ̲ ̲ ̲ ̲closed_churchL_any]

Note: This linter can be disabled with `set_option linter.unusedSimpArgs false`
src/ISAR/SpecVocabulary.lean:4935:10: warning: This simp argument is unused:
  shift_of_closed0

Hint: Omit it from the simp argument list.
  simp [padGuardL, aps, List.foldl, hsteps, hstep, subst, shift, shift_zero, subst_shift_succ,
  ̲  ̲ ̲ ̲ ̲ ̲subst_of_closed0, s̵h̵i̵f̵t̵_̵o̵f̵_̵c̵l̵o̵s̵e̵d̵0̵,̵ ̵subst_of_closed, shift_of_closed, closed, closed_app, closed_mono,
        closed_iszStepL_any, closed_klL_any, closed_tailL_any, closed_zerofillL_any,
  ̲  ̲ ̲ ̲ ̲ ̲closed_churchL_any]

Note: This linter can be disabled with `set_option linter.unusedSimpArgs false`
src/ISAR/SpecVocabulary.lean:4935:28: warning: This simp argument is unused:
  subst_of_closed

Hint: Omit it from the simp argument list.
  simp [padGuardL, aps, List.foldl, hsteps, hstep, subst, shift, shift_zero, subst_shift_succ,
  ̲  ̲ ̲ ̲ ̲ ̲subst_of_closed0, shift_of_closed0, s̵u̵b̵s̵t̵_̵o̵f̵_̵c̵l̵o̵s̵e̵d̵,̵ ̵shift_of_closed, closed, closed_app, closed_mono,
        closed_iszStepL_any, closed_klL_any, closed_tailL_any, closed_zerofillL_any,
  ̲  ̲ ̲ ̲ ̲ ̲closed_churchL_any]

Note: This linter can be disabled with `set_option linter.unusedSimpArgs false`
src/ISAR/SpecVocabulary.lean:4935:45: warning: This simp argument is unused:
  shift_of_closed

Hint: Omit it from the simp argument list.
  simp [padGuardL, aps, List.foldl, hsteps, hstep, subst, shift, shift_zero, subst_shift_succ,
  ̲  ̲ ̲ ̲ ̲ ̲subst_of_closed0, shift_of_closed0, subst_of_closed, s̵h̵i̵f̵t̵_̵o̵f̵_̵c̵l̵o̵s̵e̵d̵,̵closed, closed_app, closed_mono,
  ̲  ̲ ̲ ̲ ̲ ̲closed_iszStepL_any, closed_klL_any, closed_tailL_any, closed_zerofillL_any,
        closed_churchL_any]

Note: This linter can be disabled with `set_option linter.unusedSimpArgs false`
src/ISAR/SpecVocabulary.lean:4936:10: warning: This simp argument is unused:
  closed

Hint: Omit it from the simp argument list.
  simp [padGuardL, aps, List.foldl, hsteps, hstep, subst, shift, shift_zero, subst_shift_succ,
  ̲  ̲ ̲ ̲ ̲ ̲subst_of_closed0, shift_of_closed0, subst_of_closed, shift_of_closed, c̵l̵o̵s̵e̵d̵,̵ ̵closed_app, closed_mono,
        closed_iszStepL_any, closed_klL_any, closed_tailL_any, closed_zerofillL_any,
  ̲  ̲ ̲ ̲ ̲ ̲closed_churchL_any]

Note: This linter can be disabled with `set_option linter.unusedSimpArgs false`
src/ISAR/SpecVocabulary.lean:4936:18: warning: This simp argument is unused:
  closed_app

Hint: Omit it from the simp argument list.
  simp [padGuardL, aps, List.foldl, hsteps, hstep, subst, shift, shift_zero, subst_shift_succ,
  ̲  ̲ ̲ ̲ ̲ ̲subst_of_closed0, shift_of_closed0, subst_of_closed, shift_of_closed, closed, c̵l̵o̵s̵e̵d̵_̵a̵p̵p̵,̵ ̵closed_mono,
        closed_iszStepL_any, closed_klL_any, closed_tailL_any, closed_zerofillL_any,
  ̲  ̲ ̲ ̲ ̲ ̲closed_churchL_any]

Note: This linter can be disabled with `set_option linter.unusedSimpArgs false`
'ISAR.emitCells_nf' depends on axioms: [propext]
'ISAR.pairLit_apply' depends on axioms: [propext]
'ISAR.boolLit_sel' depends on axioms: [propext, Quot.sound]
'ISAR.b4incK2_apply' depends on axioms: [propext]
'ISAR.b4inc_level_run' depends on axioms: [propext, Quot.sound]
'ISAR.b4inc_peel' depends on axioms: [propext, Quot.sound]
'ISAR.b4inc_eval_scott' depends on axioms: [propext, Quot.sound]
'ISAR.b4inc_eval' depends on axioms: [propext, Quot.sound]
'ISAR.incBytes_length' depends on axioms: [propext, Quot.sound]
'ISAR.foldl_enc_red' depends on axioms: [propext]
'ISAR.lenStep_cell' depends on axioms: [propext, Classical.choice, Quot.sound]
'ISAR.foldl_incBytes_val' depends on axioms: [propext, Quot.sound]
'ISAR.lenb4_eval' depends on axioms: [propext, Classical.choice, Quot.sound]
'ISAR.nib2num_correct' depends on axioms: [propext]
'ISAR.nibpar_correct' depends on axioms: [propext]
'ISAR.nibandE_correct' depends on axioms: [propext, Quot.sound]
'ISAR.eqnib_eval' depends on axioms: [propext]
'ISAR.eqb_eval' depends on axioms: [propext, Quot.sound]
'ISAR.churchAdd_eval' depends on axioms: [propext]
'ISAR.churchMul_eval' depends on axioms: [propext]
'ISAR.tail_scott' depends on axioms: [propext]
'ISAR.isZero_eval' depends on axioms: [propext]
'ISAR.u64_eval' depends on axioms: [propext, Quot.sound]
'ISAR.align512_peel' depends on axioms: [propext, Quot.sound]
'ISAR.align512_peel_emit' depends on axioms: [propext, Quot.sound]
'ISAR.align512_eval' depends on axioms: [propext, Classical.choice, Quot.sound]
'ISAR.align4096_eval' depends on axioms: [propext, Classical.choice, Quot.sound]
'ISAR.padlist_peel' depends on axioms: [propext]
'ISAR.padlist_eval' depends on axioms: [propext, Quot.sound]
'ISAR.isZero_num' depends on axioms: [propext]
'ISAR.padLeg_num' depends on axioms: [propext]
'ISAR.padRem_num' depends on axioms: [propext, Quot.sound]
'ISAR.b4step_eval_scott' depends on axioms: [propext, Quot.sound]
'ISAR.b4fold_run_scott' depends on axioms: [propext, Classical.choice, Quot.sound]
'ISAR.b4add_eval_scott' depends on axioms: [propext, Classical.choice, Quot.sound]
'ISAR.u64_eval_scott' depends on axioms: [propext, Quot.sound]
'ISAR.align512_eval_scott' depends on axioms: [propext, Classical.choice, Quot.sound]
'ISAR.align4096_eval_scott' depends on axioms: [propext, Classical.choice, Quot.sound]
'ISAR.padlist_eval_scott' depends on axioms: [propext, Quot.sound]
'ISAR.conssChain_nf' depends on axioms: [propext]
src/ISAR/SpecVocabulary.lean:5049:62: warning: This simp argument is unused:
  shift

Hint: Omit it from the simp argument list.
  simp [zerofillL, aps, List.foldl, hsteps, hstep, subst, s̵h̵i̵f̵t̵,̵shift_of_closed0 hc,
  ̲  ̲ ̲ ̲ ̲ ̲ ̲ ̲subst_of_closed0 hc, shift_of_closed0 closed_zerostepL, subst_of_closed0 closed_zerostepL,
  ̲  ̲ ̲ ̲ ̲ ̲ ̲ ̲shift_of_closed0 closed_klL, subst_of_closed0 closed_klL]

Note: This linter can be disabled with `set_option linter.unusedSimpArgs false`
src/ISAR/SpecVocabulary.lean:5050:33: warning: This simp argument is unused:
  subst_of_closed0 hc

Hint: Omit it from the simp argument list.
  simp [zerofillL, aps, List.foldl, hsteps, hstep, subst, shift, shift_of_closed0 hc,
  ̲  ̲ ̲ ̲ ̲ ̲ ̲ ̲s̵u̵b̵s̵t̵_̵o̵f̵_̵c̵l̵o̵s̵e̵d̵0̵ ̵h̵c̵,̵shift_of_closed0 closed_zerostepL, subst_of_closed0 closed_zerostepL,
  ̲  ̲ ̲ ̲ ̲ ̲ ̲ ̲shift_of_closed0 closed_klL, subst_of_closed0 closed_klL]

Note: This linter can be disabled with `set_option linter.unusedSimpArgs false`
src/ISAR/SpecVocabulary.lean:5051:12: warning: This simp argument is unused:
  shift_of_closed0 closed_zerostepL

Hint: Omit it from the simp argument list.
  simp [zerofillL, aps, List.foldl, hsteps, hstep, subst, shift, shift_of_closed0 hc,
  ̲  ̲ ̲ ̲ ̲ ̲ ̲ ̲subst_of_closed0 hc, s̵h̵i̵f̵t̵_̵o̵f̵_̵c̵l̵o̵s̵e̵d̵0̵ ̵c̵l̵o̵s̵e̵d̵_̵z̵e̵r̵o̵s̵t̵e̵p̵L̵,̵subst_of_closed0 closed_zerostepL, shift_of_closed0 closed_klL,
  ̲  ̲ ̲ ̲ ̲ ̲ ̲ ̲subst_of_closed0 closed_klL]

Note: This linter can be disabled with `set_option linter.unusedSimpArgs false`
src/ISAR/SpecVocabulary.lean:5053:12: warning: This simp argument is unused:
  shift_of_closed0 closed_klL

Hint: Omit it from the simp argument list.
  simp [zerofillL, aps, List.foldl, hsteps, hstep, subst, shift, shift_of_closed0 hc,
  ̲  ̲ ̲ ̲ ̲ ̲ ̲ ̲subst_of_closed0 hc, shift_of_closed0 closed_zerostepL, subst_of_closed0 closed_zerostepL,
          s̵h̵i̵f̵t̵_̵o̵f̵_̵c̵l̵o̵s̵e̵d̵0̵ ̵c̵l̵o̵s̵e̵d̵_̵k̵l̵L̵,̵ ̵subst_of_closed0 closed_klL]

Note: This linter can be disabled with `set_option linter.unusedSimpArgs false`
'ISAR.zerofill_num' depends on axioms: [propext]
'ISAR.nz58_num' depends on axioms: [propext]
'ISAR.conssChain_map_red' does not depend on any axioms
'ISAR.bytesChunk_nf' depends on axioms: [propext, Quot.sound]
src/ISAR/SpecVocabulary.lean:5372:8: warning: This simp argument is unused:
  closed_nz58_any

Hint: Omit it from the simp argument list.
  simp [pack2L, packLets, packL1, packL2, packL3, packL4, packL5,
  ̵  ̵ ̵ ̵ ̵ ̵ ̵ ̵packL6, packL7, packL8, packL9,
  ̲  ̲ ̲ ̲packBody, packChunks,
  ̵  ̵ ̵ ̵ ̵ ̵ ̵ ̵ltV, liV, ldV, trawV, irawV, drawV, iptrV, dptrV, iddrV, imgV,
  ̵  ̵ ̵ ̵ ̵ ̵ ̵ ̵bytesChunk,
  ̲  ̲ ̲ ̲bMZ, b40, bPE, bCOFF, b20B, bZero4, b1000, bQ14,
  ̵  ̵ ̵ ̵ ̵ ̵ ̵ ̵bAlign, bVers, bII20, bSub, bStack, bDirs,
  ̲  ̲ ̲ ̲bZero8, b2000,
  ̵  ̵ ̵ ̵ ̵ ̵ ̵ ̵bText, b200, bTextFl, bIdata, bIdataFl, bData, b3000, bDataFl,
  ̵  ̵ ̵ ̵ ̵ ̵ ̵ ̵nz58, nz64, nz112,
       ̵ ̵ ̵ ̵closed, List.foldr, List.foldl, aps,
  ̵  ̵ ̵ ̵ ̵ ̵ ̵ ̵closed_lenb4L_any, closed_align512L_any,
  ̲  ̲ ̲ ̲closed_align4096L_any,
  ̵  ̵ ̵ ̵ ̵ ̵ ̵ ̵closed_b4addL_any, closed_u64L_any, closed_padlistL_any,
       ̵ ̵ ̵ ̵closed_zerofillL_any, closed_joinL_any, closed_conssL_any,
  ̵  ̵ ̵ ̵ ̵ ̵ ̵ ̵closed_pairSrcL_any,
  ̲  ̲ ̲ ̲closed_nibLit_any,
  ̵  ̵ ̵ ̵ ̵ ̵ ̵ ̵closed_churchL_any, closed_churchMulL_any, closed_churchAddL_any,
       ̵ ̵ ̵ ̵closed_nz5̵8̵_̵a̵n̵y̵,̵ ̵c̵l̵o̵s̵e̵d̵_̵n̵z̵64_any, closed_nz112_any,
  ̵  ̵ ̵ ̵ ̵ ̵ ̵ ̵closed_nilL_any]

Note: This linter can be disabled with `set_option linter.unusedSimpArgs false`
src/ISAR/SpecVocabulary.lean:5372:25: warning: This simp argument is unused:
  closed_nz64_any

Hint: Omit it from the simp argument list.
  simp [pack2L, packLets, packL1, packL2, packL3, packL4, packL5,
  ̵  ̵ ̵ ̵ ̵ ̵ ̵ ̵packL6, packL7, packL8, packL9,
  ̲  ̲ ̲ ̲packBody, packChunks,
  ̵  ̵ ̵ ̵ ̵ ̵ ̵ ̵ltV, liV, ldV, trawV, irawV, drawV, iptrV, dptrV, iddrV, imgV,
  ̵  ̵ ̵ ̵ ̵ ̵ ̵ ̵bytesChunk,
  ̲  ̲ ̲ ̲bMZ, b40, bPE, bCOFF, b20B, bZero4, b1000, bQ14,
  ̵  ̵ ̵ ̵ ̵ ̵ ̵ ̵bAlign, bVers, bII20, bSub, bStack, bDirs,
  ̲  ̲ ̲ ̲bZero8, b2000,
  ̵  ̵ ̵ ̵ ̵ ̵ ̵ ̵bText, b200, bTextFl, bIdata, bIdataFl, bData, b3000, bDataFl,
  ̵  ̵ ̵ ̵ ̵ ̵ ̵ ̵nz58, nz64, nz112,
       ̵ ̵ ̵ ̵closed, List.foldr, List.foldl, aps,
  ̵  ̵ ̵ ̵ ̵ ̵ ̵ ̵closed_lenb4L_any, closed_align512L_any,
  ̲  ̲ ̲ ̲closed_align4096L_any,
  ̵  ̵ ̵ ̵ ̵ ̵ ̵ ̵closed_b4addL_any, closed_u64L_any, closed_padlistL_any,
       ̵ ̵ ̵ ̵closed_zerofillL_any, closed_joinL_any, closed_conssL_any,
  ̵  ̵ ̵ ̵ ̵ ̵ ̵ ̵closed_pairSrcL_any,
  ̲  ̲ ̲ ̲closed_nibLit_any,
  ̵  ̵ ̵ ̵ ̵ ̵ ̵ ̵closed_churchL_any, closed_churchMulL_any, closed_churchAddL_any,
       ̵ ̵ ̵ ̵closed_nz58_any, closed_nz6̵4̵_̵a̵n̵y̵,̵ ̵c̵l̵o̵s̵e̵d̵_̵n̵z̵112_any,
  ̵  ̵ ̵ ̵ ̵ ̵ ̵ ̵closed_nilL_any]

Note: This linter can be disabled with `set_option linter.unusedSimpArgs false`
src/ISAR/SpecVocabulary.lean:5372:42: warning: This simp argument is unused:
  closed_nz112_any

Hint: Omit it from the simp argument list.
  simp [pack2L, packLets, packL1, packL2, packL3, packL4, packL5,
  ̵  ̵ ̵ ̵ ̵ ̵ ̵ ̵packL6, packL7, packL8, packL9,
  ̲  ̲ ̲ ̲packBody, packChunks,
  ̵  ̵ ̵ ̵ ̵ ̵ ̵ ̵ltV, liV, ldV, trawV, irawV, drawV, iptrV, dptrV, iddrV, imgV,
  ̵  ̵ ̵ ̵ ̵ ̵ ̵ ̵bytesChunk,
  ̲  ̲ ̲ ̲bMZ, b40, bPE, bCOFF, b20B, bZero4, b1000, bQ14,
  ̵  ̵ ̵ ̵ ̵ ̵ ̵ ̵bAlign, bVers, bII20, bSub, bStack, bDirs,
  ̲  ̲ ̲ ̲bZero8, b2000,
  ̵  ̵ ̵ ̵ ̵ ̵ ̵ ̵bText, b200, bTextFl, bIdata, bIdataFl, bData, b3000, bDataFl,
  ̵  ̵ ̵ ̵ ̵ ̵ ̵ ̵nz58, nz64, nz112,
       ̵ ̵ ̵ ̵closed, List.foldr, List.foldl, aps,
  ̵  ̵ ̵ ̵ ̵ ̵ ̵ ̵closed_lenb4L_any, closed_align512L_any,
  ̲  ̲ ̲ ̲closed_align4096L_any,
  ̵  ̵ ̵ ̵ ̵ ̵ ̵ ̵closed_b4addL_any, closed_u64L_any, closed_padlistL_any,
       ̵ ̵ ̵ ̵closed_zerofillL_any, closed_joinL_any, closed_conssL_any,
  ̵  ̵ ̵ ̵ ̵ ̵ ̵ ̵closed_pairSrcL_any,
  ̲  ̲ ̲ ̲closed_nibLit_any,
  ̵  ̵ ̵ ̵ ̵ ̵ ̵ ̵closed_churchL_any, closed_churchMulL_any, closed_churchAddL_any,
       ̵ ̵ ̵ ̵closed_nz58_any, closed_nz64_any, closed_nz̵1̵1̵2̵_̵a̵n̵y̵,̵
  ̵ ̵ ̵ ̵ ̵ ̵ ̵ ̵ ̵c̵l̵o̵s̵e̵d̵_̵n̵ilL_any]

Note: This linter can be disabled with `set_option linter.unusedSimpArgs false`
src/ISAR/SpecVocabulary.lean:5547:39: warning: This simp argument is unused:
  shift_zero

Hint: Omit it from the simp argument list.
  simp [pack2L, packLets, packL1, packL2, packL3, packL4, packL5, packL6, packL7, packL8, packL9,
  ̲  ̲ ̲ ̲ ̲ ̲packBody, packChunks, packChunksInst, chunkChain, ltV, liV, ldV, trawV, irawV, drawV, iptrV,
  ̲  ̲ ̲ ̲ ̲ ̲dptrV, iddrV, imgV, bytesChunk, bMZ, b40, bPE, bCOFF, b20B, bZero4, b1000, bQ14, bAlign,
  ̲  ̲ ̲ ̲ ̲ ̲bVers, bII20, bSub, bStack, bDirs, bZero8, b2000, bText, b200, bTextFl, bIdata, bIdataFl,
  ̲  ̲ ̲ ̲ ̲ ̲bData, b3000, bDataFl, nz58, nz64, nz112, aps, List.foldl, List.foldr, hsteps, hstep, subst,
  ̲  ̲ ̲ ̲ ̲ ̲shift, s̵h̵i̵f̵t̵_̵z̵e̵r̵o̵,̵ ̵subst_shift_succ, subst_of_closed0, subst_of_closed, shift_of_closed0, shift_of_closed,
        closed, closed_app, closed_mono, hT, hI, hD, hS, closed_lenb4L_any, closed_align512L_any,
  ̲  ̲ ̲ ̲ ̲ ̲closed_align4096L_any, closed_b4addL_any, closed_u64L_any, closed_padlistL_any,
        closed_zerofillL_any, closed_joinL_any, closed_conssL_any, closed_pairSrcL_any,
  ̲  ̲ ̲ ̲ ̲ ̲closed_nibLit_any, closed_churchL_any, closed_churchMulL_any, closed_churchAddL_any,
        closed_nz58_any, closed_nz64_any, closed_nz112_any, closed_klL_any, closed_nilL_any,
  ̲  ̲ ̲ ̲ ̲ ̲closed_bytesChunk_any]

Note: This linter can be disabled with `set_option linter.unusedSimpArgs false`
src/ISAR/SpecVocabulary.lean:5547:51: warning: This simp argument is unused:
  subst_shift_succ

Hint: Omit it from the simp argument list.
  simp [pack2L, packLets, packL1, packL2, packL3, packL4, packL5, packL6, packL7, packL8, packL9,
  ̲  ̲ ̲ ̲ ̲ ̲packBody, packChunks, packChunksInst, chunkChain, ltV, liV, ldV, trawV, irawV, drawV, iptrV,
  ̲  ̲ ̲ ̲ ̲ ̲dptrV, iddrV, imgV, bytesChunk, bMZ, b40, bPE, bCOFF, b20B, bZero4, b1000, bQ14, bAlign,
  ̲  ̲ ̲ ̲ ̲ ̲bVers, bII20, bSub, bStack, bDirs, bZero8, b2000, bText, b200, bTextFl, bIdata, bIdataFl,
  ̲  ̲ ̲ ̲ ̲ ̲bData, b3000, bDataFl, nz58, nz64, nz112, aps, List.foldl, List.foldr, hsteps, hstep, subst,
  ̲  ̲ ̲ ̲ ̲ ̲shift, shift_zero, s̵u̵b̵s̵t̵_̵s̵h̵i̵f̵t̵_̵s̵u̵c̵c̵,̵subst_of_closed0, subst_of_closed, shift_of_closed0, shift_of_closed,
  ̲  ̲ ̲ ̲ ̲ ̲closed, closed_app, closed_mono, hT, hI, hD, hS, closed_lenb4L_any, closed_align512L_any,
  ̲  ̲ ̲ ̲ ̲ ̲closed_align4096L_any, closed_b4addL_any, closed_u64L_any, closed_padlistL_any,
  ̲  ̲ ̲ ̲ ̲ ̲closed_zerofillL_any, closed_joinL_any, closed_conssL_any, closed_pairSrcL_any,
        closed_nibLit_any, closed_churchL_any, closed_churchMulL_any, closed_churchAddL_any,
  ̲  ̲ ̲ ̲ ̲ ̲closed_nz58_any, closed_nz64_any, closed_nz112_any, closed_klL_any, closed_nilL_any,
  ̲  ̲ ̲ ̲ ̲ ̲closed_bytesChunk_any]

Note: This linter can be disabled with `set_option linter.unusedSimpArgs false`
src/ISAR/SpecVocabulary.lean:5548:28: warning: This simp argument is unused:
  subst_of_closed

Hint: Omit it from the simp argument list.
  simp [pack2L, packLets, packL1, packL2, packL3, packL4, packL5, packL6, packL7, packL8, packL9,
  ̲  ̲ ̲ ̲ ̲ ̲packBody, packChunks, packChunksInst, chunkChain, ltV, liV, ldV, trawV, irawV, drawV, iptrV,
  ̲  ̲ ̲ ̲ ̲ ̲dptrV, iddrV, imgV, bytesChunk, bMZ, b40, bPE, bCOFF, b20B, bZero4, b1000, bQ14, bAlign,
  ̲  ̲ ̲ ̲ ̲ ̲bVers, bII20, bSub, bStack, bDirs, bZero8, b2000, bText, b200, bTextFl, bIdata, bIdataFl,
  ̲  ̲ ̲ ̲ ̲ ̲bData, b3000, bDataFl, nz58, nz64, nz112, aps, List.foldl, List.foldr, hsteps, hstep, subst,
  ̲  ̲ ̲ ̲ ̲ ̲shift, shift_zero, subst_shift_succ, subst_of_closed0, s̵u̵b̵s̵t̵_̵o̵f̵_̵c̵l̵o̵s̵e̵d̵,̵shift_of_closed0, shift_of_closed,
  ̲  ̲ ̲ ̲ ̲ ̲closed, closed_app, closed_mono, hT, hI, hD, hS, closed_lenb4L_any, closed_align512L_any,
  ̲  ̲ ̲ ̲ ̲ ̲closed_align4096L_any, closed_b4addL_any, closed_u64L_any, closed_padlistL_any,
  ̲  ̲ ̲ ̲ ̲ ̲closed_zerofillL_any, closed_joinL_any, closed_conssL_any, closed_pairSrcL_any,
        closed_nibLit_any, closed_churchL_any, closed_churchMulL_any, closed_churchAddL_any,
  ̲  ̲ ̲ ̲ ̲ ̲closed_nz58_any, closed_nz64_any, closed_nz112_any, closed_klL_any, closed_nilL_any,
  ̲  ̲ ̲ ̲ ̲ ̲closed_bytesChunk_any]

Note: This linter can be disabled with `set_option linter.unusedSimpArgs false`
src/ISAR/SpecVocabulary.lean:5549:28: warning: This simp argument is unused:
  shift_of_closed

Hint: Omit it from the simp argument list.
  simp [pack2L, packLets, packL1, packL2, packL3, packL4, packL5, packL6, packL7, packL8, packL9,
  ̲  ̲ ̲ ̲ ̲ ̲packBody, packChunks, packChunksInst, chunkChain, ltV, liV, ldV, trawV, irawV, drawV, iptrV,
  ̲  ̲ ̲ ̲ ̲ ̲dptrV, iddrV, imgV, bytesChunk, bMZ, b40, bPE, bCOFF, b20B, bZero4, b1000, bQ14, bAlign,
  ̲  ̲ ̲ ̲ ̲ ̲bVers, bII20, bSub, bStack, bDirs, bZero8, b2000, bText, b200, bTextFl, bIdata, bIdataFl,
  ̲  ̲ ̲ ̲ ̲ ̲bData, b3000, bDataFl, nz58, nz64, nz112, aps, List.foldl, List.foldr, hsteps, hstep, subst,
  ̲  ̲ ̲ ̲ ̲ ̲shift, shift_zero, subst_shift_succ, subst_of_closed0, subst_of_closed, shift_of_closed0,
  ̲  ̲ ̲ ̲ ̲ ̲s̵h̵i̵f̵t̵_̵o̵f̵_̵c̵l̵o̵s̵e̵d̵,̵closed, closed_app, closed_mono, hT, hI, hD, hS, closed_lenb4L_any, closed_align512L_any,
  ̲  ̲ ̲ ̲ ̲ ̲closed_align4096L_any, closed_b4addL_any, closed_u64L_any, closed_padlistL_any,
  ̲  ̲ ̲ ̲ ̲ ̲closed_zerofillL_any, closed_joinL_any, closed_conssL_any, closed_pairSrcL_any,
        closed_nibLit_any, closed_churchL_any, closed_churchMulL_any, closed_churchAddL_any,
  ̲  ̲ ̲ ̲ ̲ ̲closed_nz58_any, closed_nz64_any, closed_nz112_any, closed_klL_any, closed_nilL_any,
  ̲  ̲ ̲ ̲ ̲ ̲closed_bytesChunk_any]

Note: This linter can be disabled with `set_option linter.unusedSimpArgs false`
src/ISAR/SpecVocabulary.lean:5550:10: warning: This simp argument is unused:
  closed

Hint: Omit it from the simp argument list.
  simp [pack2L, packLets, packL1, packL2, packL3, packL4, packL5, packL6, packL7, packL8, packL9,
  ̲  ̲ ̲ ̲ ̲ ̲packBody, packChunks, packChunksInst, chunkChain, ltV, liV, ldV, trawV, irawV, drawV, iptrV,
  ̲  ̲ ̲ ̲ ̲ ̲dptrV, iddrV, imgV, bytesChunk, bMZ, b40, bPE, bCOFF, b20B, bZero4, b1000, bQ14, bAlign,
  ̲  ̲ ̲ ̲ ̲ ̲bVers, bII20, bSub, bStack, bDirs, bZero8, b2000, bText, b200, bTextFl, bIdata, bIdataFl,
  ̲  ̲ ̲ ̲ ̲ ̲bData, b3000, bDataFl, nz58, nz64, nz112, aps, List.foldl, List.foldr, hsteps, hstep, subst,
  ̲  ̲ ̲ ̲ ̲ ̲shift, shift_zero, subst_shift_succ, subst_of_closed0, subst_of_closed, shift_of_closed0,
  ̲  ̲ ̲ ̲ ̲ ̲shift_of_closed, c̵l̵o̵s̵e̵d̵,̵ ̵closed_app, closed_mono, hT, hI, hD, hS, closed_lenb4L_any,
  ̲  ̲ ̲ ̲ ̲ ̲closed_align512L_any, closed_align4096L_any, closed_b4addL_any, closed_u64L_any,
  ̲  ̲ ̲ ̲ ̲ ̲closed_padlistL_any, closed_zerofillL_any, closed_joinL_any, closed_conssL_any,
        closed_pairSrcL_any, closed_nibLit_any, closed_churchL_any, closed_churchMulL_any,
  ̲  ̲ ̲ ̲ ̲ ̲closed_churchAddL_any, closed_nz58_any, closed_nz64_any, closed_nz112_any, closed_klL_any,
  ̲  ̲ ̲ ̲ ̲ ̲closed_nilL_any, closed_bytesChunk_any]

Note: This linter can be disabled with `set_option linter.unusedSimpArgs false`
src/ISAR/SpecVocabulary.lean:5550:18: warning: This simp argument is unused:
  closed_app

Hint: Omit it from the simp argument list.
  simp [pack2L, packLets, packL1, packL2, packL3, packL4, packL5, packL6, packL7, packL8, packL9,
  ̲  ̲ ̲ ̲ ̲ ̲packBody, packChunks, packChunksInst, chunkChain, ltV, liV, ldV, trawV, irawV, drawV, iptrV,
  ̲  ̲ ̲ ̲ ̲ ̲dptrV, iddrV, imgV, bytesChunk, bMZ, b40, bPE, bCOFF, b20B, bZero4, b1000, bQ14, bAlign,
  ̲  ̲ ̲ ̲ ̲ ̲bVers, bII20, bSub, bStack, bDirs, bZero8, b2000, bText, b200, bTextFl, bIdata, bIdataFl,
  ̲  ̲ ̲ ̲ ̲ ̲bData, b3000, bDataFl, nz58, nz64, nz112, aps, List.foldl, List.foldr, hsteps, hstep, subst,
  ̲  ̲ ̲ ̲ ̲ ̲shift, shift_zero, subst_shift_succ, subst_of_closed0, subst_of_closed, shift_of_closed0,
  ̲  ̲ ̲ ̲ ̲ ̲shift_of_closed, closed, c̵l̵o̵s̵e̵d̵_̵a̵p̵p̵,̵ ̵closed_mono, hT, hI, hD, hS, closed_lenb4L_any, closed_align512L_any,
  ̲  ̲ ̲ ̲ ̲ ̲closed_align4096L_any, closed_b4addL_any, closed_u64L_any, closed_padlistL_any,
        closed_zerofillL_any, closed_joinL_any, closed_conssL_any, closed_pairSrcL_any,
  ̲  ̲ ̲ ̲ ̲ ̲closed_nibLit_any, closed_churchL_any, closed_churchMulL_any, closed_churchAddL_any,
        closed_nz58_any, closed_nz64_any, closed_nz112_any, closed_klL_any, closed_nilL_any,
  ̲  ̲ ̲ ̲ ̲ ̲closed_bytesChunk_any]

Note: This linter can be disabled with `set_option linter.unusedSimpArgs false`
src/ISAR/SpecVocabulary.lean:5557:10: warning: This simp argument is unused:
  closed_nz58_any

Hint: Omit it from the simp argument list.
  simp [pack2L, packLets, packL1, packL2, packL3, packL4, packL5, packL6, packL7, packL8, packL9,
  ̲  ̲ ̲ ̲ ̲ ̲packBody, packChunks, packChunksInst, chunkChain, ltV, liV, ldV, trawV, irawV, drawV, iptrV,
  ̲  ̲ ̲ ̲ ̲ ̲dptrV, iddrV, imgV, bytesChunk, bMZ, b40, bPE, bCOFF, b20B, bZero4, b1000, bQ14, bAlign,
  ̲  ̲ ̲ ̲ ̲ ̲bVers, bII20, bSub, bStack, bDirs, bZero8, b2000, bText, b200, bTextFl, bIdata, bIdataFl,
  ̲  ̲ ̲ ̲ ̲ ̲bData, b3000, bDataFl, nz58, nz64, nz112, aps, List.foldl, List.foldr, hsteps, hstep, subst,
  ̲  ̲ ̲ ̲ ̲ ̲shift, shift_zero, subst_shift_succ, subst_of_closed0, subst_of_closed, shift_of_closed0,
  ̲  ̲ ̲ ̲ ̲ ̲shift_of_closed, closed, closed_app, closed_mono, hT, hI, hD, hS, closed_lenb4L_any,
  ̲  ̲ ̲ ̲ ̲ ̲closed_align512L_any, closed_align4096L_any, closed_b4addL_any, closed_u64L_any,
  ̲  ̲ ̲ ̲ ̲ ̲closed_padlistL_any, closed_zerofillL_any, closed_joinL_any, closed_conssL_any,
        closed_pairSrcL_any, closed_nibLit_any, closed_churchL_any, closed_churchMulL_any,
  ̲  ̲ ̲ ̲ ̲ ̲closed_churchAddL_any, c̵l̵o̵s̵e̵d̵_̵n̵z̵5̵8̵_̵a̵n̵y̵,̵ ̵closed_nz64_any, closed_nz112_any, closed_klL_any, closed_nilL_any,
  ̲  ̲ ̲ ̲ ̲ ̲closed_bytesChunk_any]

Note: This linter can be disabled with `set_option linter.unusedSimpArgs false`
src/ISAR/SpecVocabulary.lean:5557:27: warning: This simp argument is unused:
  closed_nz64_any

Hint: Omit it from the simp argument list.
  simp [pack2L, packLets, packL1, packL2, packL3, packL4, packL5, packL6, packL7, packL8, packL9,
  ̲  ̲ ̲ ̲ ̲ ̲packBody, packChunks, packChunksInst, chunkChain, ltV, liV, ldV, trawV, irawV, drawV, iptrV,
  ̲  ̲ ̲ ̲ ̲ ̲dptrV, iddrV, imgV, bytesChunk, bMZ, b40, bPE, bCOFF, b20B, bZero4, b1000, bQ14, bAlign,
  ̲  ̲ ̲ ̲ ̲ ̲bVers, bII20, bSub, bStack, bDirs, bZero8, b2000, bText, b200, bTextFl, bIdata, bIdataFl,
  ̲  ̲ ̲ ̲ ̲ ̲bData, b3000, bDataFl, nz58, nz64, nz112, aps, List.foldl, List.foldr, hsteps, hstep, subst,
  ̲  ̲ ̲ ̲ ̲ ̲shift, shift_zero, subst_shift_succ, subst_of_closed0, subst_of_closed, shift_of_closed0,
  ̲  ̲ ̲ ̲ ̲ ̲shift_of_closed, closed, closed_app, closed_mono, hT, hI, hD, hS, closed_lenb4L_any,
  ̲  ̲ ̲ ̲ ̲ ̲closed_align512L_any, closed_align4096L_any, closed_b4addL_any, closed_u64L_any,
  ̲  ̲ ̲ ̲ ̲ ̲closed_padlistL_any, closed_zerofillL_any, closed_joinL_any, closed_conssL_any,
        closed_pairSrcL_any, closed_nibLit_any, closed_churchL_any, closed_churchMulL_any,
  ̲  ̲ ̲ ̲ ̲ ̲closed_churchAddL_any, closed_nz58_any, c̵l̵o̵s̵e̵d̵_̵n̵z̵6̵4̵_̵a̵n̵y̵,̵ ̵closed_nz112_any, closed_klL_any, closed_nilL_any,
  ̲  ̲ ̲ ̲ ̲ ̲closed_bytesChunk_any]

Note: This linter can be disabled with `set_option linter.unusedSimpArgs false`
src/ISAR/SpecVocabulary.lean:5557:44: warning: This simp argument is unused:
  closed_nz112_any

Hint: Omit it from the simp argument list.
  simp [pack2L, packLets, packL1, packL2, packL3, packL4, packL5, packL6, packL7, packL8, packL9,
  ̲  ̲ ̲ ̲ ̲ ̲packBody, packChunks, packChunksInst, chunkChain, ltV, liV, ldV, trawV, irawV, drawV, iptrV,
  ̲  ̲ ̲ ̲ ̲ ̲dptrV, iddrV, imgV, bytesChunk, bMZ, b40, bPE, bCOFF, b20B, bZero4, b1000, bQ14, bAlign,
  ̲  ̲ ̲ ̲ ̲ ̲bVers, bII20, bSub, bStack, bDirs, bZero8, b2000, bText, b200, bTextFl, bIdata, bIdataFl,
  ̲  ̲ ̲ ̲ ̲ ̲bData, b3000, bDataFl, nz58, nz64, nz112, aps, List.foldl, List.foldr, hsteps, hstep, subst,
  ̲  ̲ ̲ ̲ ̲ ̲shift, shift_zero, subst_shift_succ, subst_of_closed0, subst_of_closed, shift_of_closed0,
  ̲  ̲ ̲ ̲ ̲ ̲shift_of_closed, closed, closed_app, closed_mono, hT, hI, hD, hS, closed_lenb4L_any,
  ̲  ̲ ̲ ̲ ̲ ̲closed_align512L_any, closed_align4096L_any, closed_b4addL_any, closed_u64L_any,
  ̲  ̲ ̲ ̲ ̲ ̲closed_padlistL_any, closed_zerofillL_any, closed_joinL_any, closed_conssL_any,
        closed_pairSrcL_any, closed_nibLit_any, closed_churchL_any, closed_churchMulL_any,
  ̲  ̲ ̲ ̲ ̲ ̲closed_churchAddL_any, closed_nz58_any, closed_nz64_any, c̵l̵o̵s̵e̵d̵_̵n̵z̵1̵1̵2̵_̵a̵n̵y̵,̵closed_klL_any, closed_nilL_any,
  ̲  ̲ ̲ ̲ ̲ ̲closed_bytesChunk_any]

Note: This linter can be disabled with `set_option linter.unusedSimpArgs false`
src/ISAR/SpecVocabulary.lean:5558:10: warning: This simp argument is unused:
  closed_klL_any

Hint: Omit it from the simp argument list.
  simp [pack2L, packLets, packL1, packL2, packL3, packL4, packL5, packL6, packL7, packL8, packL9,
  ̲  ̲ ̲ ̲ ̲ ̲packBody, packChunks, packChunksInst, chunkChain, ltV, liV, ldV, trawV, irawV, drawV, iptrV,
  ̲  ̲ ̲ ̲ ̲ ̲dptrV, iddrV, imgV, bytesChunk, bMZ, b40, bPE, bCOFF, b20B, bZero4, b1000, bQ14, bAlign,
  ̲  ̲ ̲ ̲ ̲ ̲bVers, bII20, bSub, bStack, bDirs, bZero8, b2000, bText, b200, bTextFl, bIdata, bIdataFl,
  ̲  ̲ ̲ ̲ ̲ ̲bData, b3000, bDataFl, nz58, nz64, nz112, aps, List.foldl, List.foldr, hsteps, hstep, subst,
  ̲  ̲ ̲ ̲ ̲ ̲shift, shift_zero, subst_shift_succ, subst_of_closed0, subst_of_closed, shift_of_closed0,
  ̲  ̲ ̲ ̲ ̲ ̲shift_of_closed, closed, closed_app, closed_mono, hT, hI, hD, hS, closed_lenb4L_any,
  ̲  ̲ ̲ ̲ ̲ ̲closed_align512L_any, closed_align4096L_any, closed_b4addL_any, closed_u64L_any,
  ̲  ̲ ̲ ̲ ̲ ̲closed_padlistL_any, closed_zerofillL_any, closed_joinL_any, closed_conssL_any,
        closed_pairSrcL_any, closed_nibLit_any, closed_churchL_any, closed_churchMulL_any,
  ̲  ̲ ̲ ̲ ̲ ̲closed_churchAddL_any, closed_nz58_any, closed_nz64_any, closed_nz112_any, c̵l̵o̵s̵e̵d̵_̵k̵l̵L̵_̵a̵n̵y̵,̵ ̵closed_nilL_any,
  ̲  ̲ ̲ ̲ ̲ ̲closed_bytesChunk_any]

Note: This linter can be disabled with `set_option linter.unusedSimpArgs false`
src/ISAR/SpecVocabulary.lean:5558:43: warning: This simp argument is unused:
  closed_bytesChunk_any

Hint: Omit it from the simp argument list.
  simp [pack2L, packLets, packL1, packL2, packL3, packL4, packL5, packL6, packL7, packL8, packL9,
  ̲  ̲ ̲ ̲ ̲ ̲packBody, packChunks, packChunksInst, chunkChain, ltV, liV, ldV, trawV, irawV, drawV, iptrV,
  ̲  ̲ ̲ ̲ ̲ ̲dptrV, iddrV, imgV, bytesChunk, bMZ, b40, bPE, bCOFF, b20B, bZero4, b1000, bQ14, bAlign,
  ̲  ̲ ̲ ̲ ̲ ̲bVers, bII20, bSub, bStack, bDirs, bZero8, b2000, bText, b200, bTextFl, bIdata, bIdataFl,
  ̲  ̲ ̲ ̲ ̲ ̲bData, b3000, bDataFl, nz58, nz64, nz112, aps, List.foldl, List.foldr, hsteps, hstep, subst,
  ̲  ̲ ̲ ̲ ̲ ̲shift, shift_zero, subst_shift_succ, subst_of_closed0, subst_of_closed, shift_of_closed0,
  ̲  ̲ ̲ ̲ ̲ ̲shift_of_closed, closed, closed_app, closed_mono, hT, hI, hD, hS, closed_lenb4L_any,
  ̲  ̲ ̲ ̲ ̲ ̲closed_align512L_any, closed_align4096L_any, closed_b4addL_any, closed_u64L_any,
  ̲  ̲ ̲ ̲ ̲ ̲closed_padlistL_any, closed_zerofillL_any, closed_joinL_any, closed_conssL_any,
        closed_pairSrcL_any, closed_nibLit_any, closed_churchL_any, closed_churchMulL_any,
  ̲  ̲ ̲ ̲ ̲ ̲closed_churchAddL_any, closed_nz58_any, closed_nz64_any, closed_nz112_any, closed_klL_any,
  ̲  ̲ ̲ ̲ ̲ ̲c̵l̵o̵s̵e̵d̵_̵n̵i̵l̵L̵_̵a̵n̵y̵,̵ ̵c̵l̵o̵s̵e̵d̵_̵b̵y̵t̵e̵s̵C̵h̵u̵n̵k̵_̵a̵n̵y̵]̵c̲l̲o̲s̲e̲d̲_̲n̲i̲l̲L̲_̲a̲n̲y̲]̲

Note: This linter can be disabled with `set_option linter.unusedSimpArgs false`
'ISAR.pack2_open' depends on axioms: [propext, Quot.sound]
'ISAR.len4_length' depends on axioms: [propext, Quot.sound]
'ISAR.align512Bytes_length' depends on axioms: [propext, Quot.sound]
'ISAR.align4096Bytes_length' depends on axioms: [propext, Quot.sound]
'ISAR.foldl_const_step_map' does not depend on any axioms
'ISAR.closed_pack2Cells_flat' depends on axioms: [propext, Quot.sound]
'ISAR.pack2_eval' depends on axioms: [propext, Classical.choice, Quot.sound]
src/ISAR/SpecVocabulary.lean:5886:20: warning: This simp argument is unused:
  shift

Hint: Omit it from the simp argument list.
  simp only [subst, s̵h̵i̵f̵t̵,̵ ̵List.map_map]

Note: This linter can be disabled with `set_option linter.unusedSimpArgs false`
src/ISAR/SpecVocabulary.lean:6017:63: warning: This simp argument is unused:
  shift

Hint: Omit it from the simp argument list.
  simp [mapStepL, aps, List.foldl, hsteps, hstep, subst, s̵h̵i̵f̵t̵,̵shift_zero, subst_shift_succ,
  ̲  ̲ ̲ ̲ ̲ ̲ ̲ ̲ ̲ ̲subst_of_closed0, shift_of_closed0, closed, closed_app, hf, he, hfe, closed_conssL]

Note: This linter can be disabled with `set_option linter.unusedSimpArgs false`
src/ISAR/SpecVocabulary.lean:6018:26: warning: This simp argument is unused:
  subst_shift_succ

Hint: Omit it from the simp argument list.
  simp [mapStepL, aps, List.foldl, hsteps, hstep, subst, shift, shift_zero, s̵u̵b̵s̵t̵_̵s̵h̵i̵f̵t̵_̵s̵u̵c̵c̵,̵subst_of_closed0,
            shift_of_closed0, closed, closed_app, hf, he, hfe, closed_conssL]

Note: This linter can be disabled with `set_option linter.unusedSimpArgs false`
src/ISAR/SpecVocabulary.lean:6019:50: warning: This simp argument is unused:
  closed

Hint: Omit it from the simp argument list.
  simp [mapStepL, aps, List.foldl, hsteps, hstep, subst, shift, shift_zero, subst_shift_succ,
            subst_of_closed0, shift_of_closed0, c̵l̵o̵s̵e̵d̵,̵ ̵closed_app, hf, he, hfe, closed_conssL]

Note: This linter can be disabled with `set_option linter.unusedSimpArgs false`
src/ISAR/SpecVocabulary.lean:6019:58: warning: This simp argument is unused:
  closed_app

Hint: Omit it from the simp argument list.
  simp [mapStepL, aps, List.foldl, hsteps, hstep, subst, shift, shift_zero, subst_shift_succ,
            subst_of_closed0, shift_of_closed0, closed, c̵l̵o̵s̵e̵d̵_̵a̵p̵p̵,̵hf, he, hfe, closed_conssL]

Note: This linter can be disabled with `set_option linter.unusedSimpArgs false`
src/ISAR/SpecVocabulary.lean:6020:22: warning: This simp argument is unused:
  hfe

Hint: Omit it from the simp argument list.
  simp [mapStepL, aps, List.foldl, hsteps, hstep, subst, shift, shift_zero, subst_shift_succ,
            subst_of_closed0, shift_of_closed0, closed, closed_app, hf, he, h̵f̵e̵,̵ ̵closed_conssL]

Note: This linter can be disabled with `set_option linter.unusedSimpArgs false`
src/ISAR/SpecVocabulary.lean:6028:24: warning: This simp argument is unused:
  subst_shift_succ

Hint: Omit it from the simp argument list.
  simp [aps, List.foldl, hsteps, hstep, subst, shift, shift_zero, s̵u̵b̵s̵t̵_̵s̵h̵i̵f̵t̵_̵s̵u̵c̵c̵,̵subst_of_closed0 hf,
  ̲  ̲ ̲ ̲ ̲ ̲ ̲ ̲shift_of_closed0 hf, subst_of_closed0 closed_conssL, shift_of_closed0 closed_conssL,
  ̲  ̲ ̲ ̲ ̲ ̲ ̲ ̲subst_of_closed0 closed_nilL, shift_of_closed0 closed_nilL, subst_of_closed0 closed_wl,
  ̲  ̲ ̲ ̲ ̲ ̲ ̲ ̲shift_of_closed0 closed_wl]

Note: This linter can be disabled with `set_option linter.unusedSimpArgs false`
src/ISAR/SpecVocabulary.lean:6032:12: warning: This simp argument is unused:
  subst_of_closed0 closed_wl

Hint: Omit it from the simp argument list.
  simp [aps, List.foldl, hsteps, hstep, subst, shift, shift_zero, subst_shift_succ,
          subst_of_closed0 hf, shift_of_closed0 hf, subst_of_closed0 closed_conssL,
  ̲  ̲ ̲ ̲ ̲ ̲ ̲ ̲shift_of_closed0 closed_conssL, subst_of_closed0 closed_nilL, shift_of_closed0 closed_nilL,
          s̵u̵b̵s̵t̵_̵o̵f̵_̵c̵l̵o̵s̵e̵d̵0̵ ̵c̵l̵o̵s̵e̵d̵_̵w̵l̵,̵ ̵shift_of_closed0 closed_wl]

Note: This linter can be disabled with `set_option linter.unusedSimpArgs false`
src/ISAR/SpecVocabulary.lean:6032:40: warning: This simp argument is unused:
  shift_of_closed0 closed_wl

Hint: Omit it from the simp argument list.
  simp [aps, List.foldl, hsteps, hstep, subst, shift, shift_zero, subst_shift_succ,
          subst_of_closed0 hf, shift_of_closed0 hf, subst_of_closed0 closed_conssL,
  ̲  ̲ ̲ ̲ ̲ ̲ ̲ ̲shift_of_closed0 closed_conssL, subst_of_closed0 closed_nilL, shift_of_closed0 closed_nilL,
          subst_of_closed0 c̵l̵o̵s̵e̵d̵_̵w̵l̵,̵ ̵s̵h̵i̵f̵t̵_̵o̵f̵_̵c̵l̵o̵s̵e̵d̵0̵ ̵closed_wl]

Note: This linter can be disabled with `set_option linter.unusedSimpArgs false`
src/ISAR/SpecVocabulary.lean:6089:39: warning: This simp argument is unused:
  shift_zero

Hint: Omit it from the simp argument list.
  simp [hsteps, hstep, subst, shift, s̵h̵i̵f̵t̵_̵z̵e̵r̵o̵,̵subst_of_closed0 hhi, shift_of_closed0 hhi,
  ̲  ̲ ̲ ̲ ̲ ̲subst_of_closed0 hlo, shift_of_closed0 hlo, subst_of_closed0 ht, shift_of_closed0 ht,
  ̲  ̲ ̲ ̲ ̲ ̲subst_of_closed0 closed_pairSrcL, shift_of_closed0 closed_pairSrcL,
  ̲  ̲ ̲ ̲ ̲ ̲subst_of_closed0 closed_conssL, shift_of_closed0 closed_conssL]

Note: This linter can be disabled with `set_option linter.unusedSimpArgs false`
'ISAR.tupleL_apply' depends on axioms: [propext, Quot.sound]
'ISAR.iterTuple_red' does not depend on any axioms
'ISAR.nibodd_eval' depends on axioms: [propext]
'ISAR.map_eval' depends on axioms: [propext]
'ISAR.nibs2_step' depends on axioms: [propext]
'ISAR.nibs2_run' depends on axioms: [propext]
'ISAR.nibs2bytes_eval' depends on axioms: [propext]
src/ISAR/SpecVocabulary.lean:6316:51: warning: This simp argument is unused:
  subst_shift_succ

Hint: Omit it from the simp argument list.
  simp [dataStepL, stepDSel, stepDC, stepDK1, stepDK2, stepDK3, tupleL, cellLit, aps, List.foldl,
  ̲  ̲ ̲ ̲ ̲ ̲List.map, hsteps, hstep, subst, shift, shift_zero, s̵u̵b̵s̵t̵_̵s̵h̵i̵f̵t̵_̵s̵u̵c̵c̵,̵subst_of_closed0, shift_of_closed0, closed,
  ̲  ̲ ̲ ̲ ̲ ̲closed_app, closed_cellLit, closed_tupleL, closed_b4addL, closed_conssL, closed_pairSrcL,
  ̲  ̲ ̲ ̲ ̲ ̲closed_consB0L, closed_b0cT, closed_nilL, hnm, hszn, hszb, hT, ho, hu, hz]

Note: This linter can be disabled with `set_option linter.unusedSimpArgs false`
src/ISAR/SpecVocabulary.lean:6317:46: warning: This simp argument is unused:
  closed

Hint: Omit it from the simp argument list.
  simp [dataStepL, stepDSel, stepDC, stepDK1, stepDK2, stepDK3, tupleL, cellLit, aps, List.foldl,
  ̲  ̲ ̲ ̲ ̲ ̲List.map, hsteps, hstep, subst, shift, shift_zero, subst_shift_succ, subst_of_closed0,
  ̲  ̲ ̲ ̲ ̲ ̲shift_of_closed0, c̵l̵o̵s̵e̵d̵,̵ ̵closed_app, closed_cellLit, closed_tupleL, closed_b4addL, closed_conssL,
  ̲  ̲ ̲ ̲ ̲ ̲closed_pairSrcL, closed_consB0L, closed_b0cT, closed_nilL, hnm, hszn, hszb, hT, ho, hu, hz]

Note: This linter can be disabled with `set_option linter.unusedSimpArgs false`
src/ISAR/SpecVocabulary.lean:6317:54: warning: This simp argument is unused:
  closed_app

Hint: Omit it from the simp argument list.
  simp [dataStepL, stepDSel, stepDC, stepDK1, stepDK2, stepDK3, tupleL, cellLit, aps, List.foldl,
  ̲  ̲ ̲ ̲ ̲ ̲List.map, hsteps, hstep, subst, shift, shift_zero, subst_shift_succ, subst_of_closed0,
  ̲  ̲ ̲ ̲ ̲ ̲shift_of_closed0, closed, c̵l̵o̵s̵e̵d̵_̵a̵p̵p̵,̵closed_cellLit, closed_tupleL, closed_b4addL, closed_conssL,
  ̲  ̲ ̲ ̲ ̲ ̲closed_pairSrcL, closed_consB0L, closed_b0cT, closed_nilL, hnm, hszn, hszb, hT, ho, hu, hz]

Note: This linter can be disabled with `set_option linter.unusedSimpArgs false`
src/ISAR/SpecVocabulary.lean:6318:10: warning: This simp argument is unused:
  closed_cellLit

Hint: Omit it from the simp argument list.
  simp [dataStepL, stepDSel, stepDC, stepDK1, stepDK2, stepDK3, tupleL, cellLit, aps, List.foldl,
  ̲  ̲ ̲ ̲ ̲ ̲List.map, hsteps, hstep, subst, shift, shift_zero, subst_shift_succ, subst_of_closed0,
  ̲  ̲ ̲ ̲ ̲ ̲shift_of_closed0, closed, closed_app, c̵l̵o̵s̵e̵d̵_̵c̵e̵l̵l̵L̵i̵t̵,̵ ̵closed_tupleL, closed_b4addL, closed_conssL,
  ̲  ̲ ̲ ̲ ̲ ̲closed_pairSrcL, closed_consB0L, closed_b0cT, closed_nilL, hnm, hszn, hszb, hT, ho, hu, hz]

Note: This linter can be disabled with `set_option linter.unusedSimpArgs false`
src/ISAR/SpecVocabulary.lean:6318:26: warning: This simp argument is unused:
  closed_tupleL

Hint: Omit it from the simp argument list.
  simp [dataStepL, stepDSel, stepDC, stepDK1, stepDK2, stepDK3, tupleL, cellLit, aps, List.foldl,
  ̲  ̲ ̲ ̲ ̲ ̲List.map, hsteps, hstep, subst, shift, shift_zero, subst_shift_succ, subst_of_closed0,
  ̲  ̲ ̲ ̲ ̲ ̲shift_of_closed0, closed, closed_app, closed_cellLit, c̵l̵o̵s̵e̵d̵_̵t̵u̵p̵l̵e̵L̵,̵closed_b4addL, closed_conssL,
  ̲  ̲ ̲ ̲ ̲ ̲closed_pairSrcL, closed_consB0L, closed_b0cT, closed_nilL, hnm, hszn, hszb, hT, ho, hu, hz]

Note: This linter can be disabled with `set_option linter.unusedSimpArgs false`
src/ISAR/SpecVocabulary.lean:6320:26: warning: This simp argument is unused:
  closed_b0cT

Hint: Omit it from the simp argument list.
  simp [dataStepL, stepDSel, stepDC, stepDK1, stepDK2, stepDK3, tupleL, cellLit, aps, List.foldl,
  ̲  ̲ ̲ ̲ ̲ ̲List.map, hsteps, hstep, subst, shift, shift_zero, subst_shift_succ, subst_of_closed0,
  ̲  ̲ ̲ ̲ ̲ ̲shift_of_closed0, closed, closed_app, closed_cellLit, closed_tupleL, closed_b4addL,
  ̲  ̲ ̲ ̲ ̲ ̲closed_conssL, closed_pairSrcL, closed_consB0L, c̵l̵o̵s̵e̵d̵_̵b̵0̵c̵T̵,̵ ̵closed_nilL, hnm, hszn, hszb, hT, ho, hu, hz]

Note: This linter can be disabled with `set_option linter.unusedSimpArgs false`
src/ISAR/SpecVocabulary.lean:6336:27: warning: This simp argument is unused:
  cellLit

Hint: Omit it from the simp argument list.
  simp [dataStepL, stepDSel, stepDC, stepDK1, stepDK2, stepDK3,
  ̵  ̵ ̵ ̵ ̵ ̵ ̵ ̵ ̵ ̵consB0L, tupleL, c̵e̵l̵l̵L̵i̵t̵,̵ ̵nilL, aps,
  ̲  ̲ ̲ ̲ ̲ ̲List.foldl, List.map,
  ̵  ̵ ̵ ̵ ̵ ̵ ̵ ̵ ̵ ̵hsteps, hstep, subst, shift, shift_zero, subst_shift_succ,
         ̵ ̵ ̵ ̵subst_of_closed0, shift_of_closed0, closed, closed_app,
  ̵  ̵ ̵ ̵ ̵ ̵ ̵ ̵ ̵ ̵closed_cellLit, closed_tupleL,
         ̵ ̵ ̵ ̵closed_b4addL, closed_conssL, closed_pairSrcL,
  ̵  ̵ ̵ ̵ ̵ ̵ ̵ ̵ ̵ ̵closed_consB0L, closed_nilL, ho, hu, hz]

Note: This linter can be disabled with `set_option linter.unusedSimpArgs false`
src/ISAR/SpecVocabulary.lean:6337:51: warning: This simp argument is unused:
  subst_shift_succ

Hint: Omit it from the simp argument list.
  simp [dataStepL, stepDSel, stepDC, stepDK1, stepDK2, stepDK3, consB0L, tupleL, cellLit, nilL,
  ̲  ̲ ̲ ̲ ̲ ̲aps, List.foldl, List.map, hsteps, hstep, subst, shift, shift_zero, s̵u̵b̵s̵t̵_̵s̵h̵i̵f̵t̵_̵s̵u̵c̵c̵,̵subst_of_closed0,
        shift_of_closed0, closed, closed_app, closed_cellLit, closed_tupleL, closed_b4addL,
        closed_conssL, closed_pairSrcL, closed_consB0L, closed_nilL, ho, hu, hz]

Note: This linter can be disabled with `set_option linter.unusedSimpArgs false`
src/ISAR/SpecVocabulary.lean:6338:54: warning: This simp argument is unused:
  closed_app

Hint: Omit it from the simp argument list.
  simp [dataStepL, stepDSel, stepDC, stepDK1, stepDK2, stepDK3, consB0L, tupleL, cellLit, nilL,
  ̲  ̲ ̲ ̲ ̲ ̲aps, List.foldl, List.map, hsteps, hstep, subst, shift, shift_zero, subst_shift_succ,
        subst_of_closed0, shift_of_closed0, closed, c̵l̵o̵s̵e̵d̵_̵a̵p̵p̵,̵closed_cellLit, closed_tupleL, closed_b4addL,
        closed_conssL, closed_pairSrcL, closed_consB0L, closed_nilL, ho, hu, hz]

Note: This linter can be disabled with `set_option linter.unusedSimpArgs false`
src/ISAR/SpecVocabulary.lean:6339:10: warning: This simp argument is unused:
  closed_cellLit

Hint: Omit it from the simp argument list.
  simp [dataStepL, stepDSel, stepDC, stepDK1, stepDK2, stepDK3, consB0L, tupleL, cellLit, nilL,
  ̲  ̲ ̲ ̲ ̲ ̲aps, List.foldl, List.map, hsteps, hstep, subst, shift, shift_zero, subst_shift_succ,
        subst_of_closed0, shift_of_closed0, closed, closed_app, c̵l̵o̵s̵e̵d̵_̵c̵e̵l̵l̵L̵i̵t̵,̵ ̵closed_tupleL, closed_b4addL,
  ̲  ̲ ̲ ̲ ̲ ̲closed_conssL, closed_pairSrcL, closed_consB0L, closed_nilL, ho, hu, hz]

Note: This linter can be disabled with `set_option linter.unusedSimpArgs false`
src/ISAR/SpecVocabulary.lean:6339:26: warning: This simp argument is unused:
  closed_tupleL

Hint: Omit it from the simp argument list.
  simp [dataStepL, stepDSel, stepDC, stepDK1, stepDK2, stepDK3, consB0L, tupleL, cellLit, nilL,
  ̲  ̲ ̲ ̲ ̲ ̲aps, List.foldl, List.map, hsteps, hstep, subst, shift, shift_zero, subst_shift_succ,
        subst_of_closed0, shift_of_closed0, closed, closed_app, closed_cellLit, c̵l̵o̵s̵e̵d̵_̵t̵u̵p̵l̵e̵L̵,̵closed_b4addL,
        closed_conssL, closed_pairSrcL, closed_consB0L, closed_nilL, ho, hu, hz]

Note: This linter can be disabled with `set_option linter.unusedSimpArgs false`
src/ISAR/SpecVocabulary.lean:6341:10: warning: This simp argument is unused:
  closed_consB0L

Hint: Omit it from the simp argument list.
  simp [dataStepL, stepDSel, stepDC, stepDK1, stepDK2, stepDK3,
  ̵  ̵ ̵ ̵ ̵ ̵ ̵ ̵ ̵ ̵consB0L, tupleL, cellLit, nilL,
  ̲  ̲ ̲ ̲ ̲ ̲aps, List.foldl, List.map,
  ̵  ̵ ̵ ̵ ̵ ̵ ̵ ̵ ̵ ̵hsteps, hstep, subst, shift, shift_zero, subst_shift_succ,
         ̵ ̵ ̵ ̵subst_of_closed0, shift_of_closed0, closed, closed_app,
  ̵  ̵ ̵ ̵ ̵ ̵ ̵ ̵ ̵ ̵closed_cellLit, closed_tupleL,
         ̵ ̵ ̵ ̵closed_b4addL, closed_conssL, closed_pairSrcL,
  ̵  ̵ ̵ ̵ ̵ ̵ ̵ ̵ ̵ ̵closed_c̵o̵ns̵B̵0̵L̵,̵ ̵c̵l̵o̵s̵e̵d̵_̵n̵ilL, ho, hu, hz]

Note: This linter can be disabled with `set_option linter.unusedSimpArgs false`
src/ISAR/SpecVocabulary.lean:6341:26: warning: This simp argument is unused:
  closed_nilL

Hint: Omit it from the simp argument list.
  simp [dataStepL, stepDSel, stepDC, stepDK1, stepDK2, stepDK3,
  ̵  ̵ ̵ ̵ ̵ ̵ ̵ ̵ ̵ ̵consB0L, tupleL, cellLit, nilL,
  ̲  ̲ ̲ ̲ ̲ ̲aps, List.foldl, List.map,
  ̵  ̵ ̵ ̵ ̵ ̵ ̵ ̵ ̵ ̵hsteps, hstep, subst, shift, shift_zero, subst_shift_succ,
         ̵ ̵ ̵ ̵subst_of_closed0, shift_of_closed0, closed, closed_app,
  ̵  ̵ ̵ ̵ ̵ ̵ ̵ ̵ ̵ ̵closed_cellLit, closed_tupleL,
         ̵ ̵ ̵ ̵closed_b4addL, closed_conssL, closed_pairSrcL,
  ̵  ̵ ̵ ̵ ̵ ̵ ̵ ̵ ̵ ̵closed_consB0L, c̵l̵o̵s̵e̵d̵_̵n̵i̵l̵L̵,̵ ̵ho, hu, hz]

Note: This linter can be disabled with `set_option linter.unusedSimpArgs false`
src/ISAR/SpecVocabulary.lean:6504:5: warning: Variable name `ho` is not explicitly referenced.

The binding can be removed (if unused) or named `_` (if used implicitly).

Note: This linter can be disabled with `set_option linter.unusedVariables false`
src/ISAR/SpecVocabulary.lean:6509:32: warning: This simp argument is unused:
  shift

Hint: Omit it from the simp argument list.
  simp [dataFinL, pairLit, aps, List.foldl,
  ̵  ̵ ̵ ̵ ̵ ̵ ̵ ̵ ̵ ̵hsteps, hstep, subst, shift,̵ ̵s̵h̵i̵f̵t̵_zero, subst_shift_succ,
         ̵ ̵ ̵ ̵subst_of_closed0, shift_of_closed0, closed, closed_app,
  ̵  ̵ ̵ ̵ ̵ ̵ ̵ ̵ ̵ ̵ho, hu, hz]

Note: This linter can be disabled with `set_option linter.unusedSimpArgs false`
src/ISAR/SpecVocabulary.lean:6509:39: warning: This simp argument is unused:
  shift_zero

Hint: Omit it from the simp argument list.
  simp [dataFinL, pairLit, aps, List.foldl, hsteps, hstep, subst, shift, s̵h̵i̵f̵t̵_̵z̵e̵r̵o̵,̵ ̵subst_shift_succ,
        subst_of_closed0, shift_of_closed0, closed, closed_app, ho, hu, hz]

Note: This linter can be disabled with `set_option linter.unusedSimpArgs false`
src/ISAR/SpecVocabulary.lean:6509:51: warning: This simp argument is unused:
  subst_shift_succ

Hint: Omit it from the simp argument list.
  simp [dataFinL, pairLit, aps, List.foldl, hsteps, hstep, subst, shift, shift_zero,
  ̲  ̲ ̲ ̲ ̲ ̲s̵u̵b̵s̵t̵_̵s̵h̵i̵f̵t̵_̵s̵u̵c̵c̵,̵subst_of_closed0, shift_of_closed0, closed, closed_app, ho, hu, hz]

Note: This linter can be disabled with `set_option linter.unusedSimpArgs false`
src/ISAR/SpecVocabulary.lean:6510:46: warning: This simp argument is unused:
  closed

Hint: Omit it from the simp argument list.
  simp [dataFinL, pairLit, aps, List.foldl, hsteps, hstep, subst, shift, shift_zero,
  ̲  ̲ ̲ ̲ ̲ ̲subst_shift_succ, subst_of_closed0, shift_of_closed0, c̵l̵o̵s̵e̵d̵,̵ ̵closed_app, ho, hu, hz]

Note: This linter can be disabled with `set_option linter.unusedSimpArgs false`
src/ISAR/SpecVocabulary.lean:6510:54: warning: This simp argument is unused:
  closed_app

Hint: Omit it from the simp argument list.
  simp [dataFinL, pairLit, aps, List.foldl, hsteps, hstep, subst, shift, shift_zero,
  ̲  ̲ ̲ ̲ ̲ ̲subst_shift_succ, subst_of_closed0, shift_of_closed0, closed, c̵l̵o̵s̵e̵d̵_̵a̵p̵p̵,̵ho, hu, hz]

Note: This linter can be disabled with `set_option linter.unusedSimpArgs false`
src/ISAR/SpecVocabulary.lean:6511:10: warning: This simp argument is unused:
  ho

Hint: Omit it from the simp argument list.
  simp [dataFinL, pairLit, aps, List.foldl, hsteps, hstep, subst, shift, shift_zero,
  ̲  ̲ ̲ ̲ ̲ ̲subst_shift_succ, subst_of_closed0, shift_of_closed0, closed, closed_app, h̵o̵,̵ ̵hu, hz]

Note: This linter can be disabled with `set_option linter.unusedSimpArgs false`
src/ISAR/SpecVocabulary.lean:6534:30: warning: This simp argument is unused:
  List.mem_singleton

Hint: Omit it from the simp argument list.
  simp only [List.mem_cons, L̵i̵s̵t̵.̵m̵e̵m̵_̵s̵i̵n̵g̵l̵e̵t̵o̵n̵,̵List.not_mem_nil, or_false] at hx

Note: This linter can be disabled with `set_option linter.unusedSimpArgs false`
src/ISAR/SpecVocabulary.lean:6562:32: warning: This simp argument is unused:
  List.mem_singleton

Hint: Omit it from the simp argument list.
  simp only [List.mem_cons, L̵i̵s̵t̵.̵m̵e̵m̵_̵s̵i̵n̵g̵l̵e̵t̵o̵n̵,̵List.not_mem_nil, or_false] at he

Note: This linter can be disabled with `set_option linter.unusedSimpArgs false`
src/ISAR/SpecVocabulary.lean:6579:41: warning: This simp argument is unused:
  shift_zero

Hint: Omit it from the simp argument list.
  simp [dataOfL, tupleL, aps, List.foldl, List.map, hsteps, hstep, subst, shift,
  ̲  ̲ ̲ ̲ ̲ ̲ ̲ ̲s̵h̵i̵f̵t̵_̵z̵e̵r̵o̵,̵subst_shift_succ, subst_of_closed0, shift_of_closed0, closed, closed_app, closed_churchL,
          closed_dataStepL, closed_dataFinL, closed_bytesChunk, closed_nilL, hclosedS]

Note: This linter can be disabled with `set_option linter.unusedSimpArgs false`
src/ISAR/SpecVocabulary.lean:6580:12: warning: This simp argument is unused:
  subst_shift_succ

Hint: Omit it from the simp argument list.
  simp [dataOfL, tupleL, aps, List.foldl, List.map, hsteps, hstep, subst, shift, shift_zero,
          s̵u̵b̵s̵t̵_̵s̵h̵i̵f̵t̵_̵s̵u̵c̵c̵,̵subst_of_closed0, shift_of_closed0, closed, closed_app, closed_churchL, closed_dataStepL,
  ̲  ̲ ̲ ̲ ̲ ̲ ̲ ̲closed_dataFinL, closed_bytesChunk, closed_nilL, hclosedS]

Note: This linter can be disabled with `set_option linter.unusedSimpArgs false`
src/ISAR/SpecVocabulary.lean:6581:48: warning: This simp argument is unused:
  closed

Hint: Omit it from the simp argument list.
  simp [dataOfL, tupleL, aps, List.foldl, List.map, hsteps, hstep, subst, shift, shift_zero,
          subst_shift_succ, subst_of_closed0, shift_of_closed0, c̵l̵o̵s̵e̵d̵,̵ ̵closed_app, closed_churchL,
  ̲  ̲ ̲ ̲ ̲ ̲ ̲ ̲closed_dataStepL, closed_dataFinL, closed_bytesChunk, closed_nilL, hclosedS]

Note: This linter can be disabled with `set_option linter.unusedSimpArgs false`
src/ISAR/SpecVocabulary.lean:6581:56: warning: This simp argument is unused:
  closed_app

Hint: Omit it from the simp argument list.
  simp [dataOfL, tupleL, aps, List.foldl, List.map, hsteps, hstep, subst, shift, shift_zero,
          subst_shift_succ, subst_of_closed0, shift_of_closed0, closed, c̵l̵o̵s̵e̵d̵_̵a̵p̵p̵,̵closed_churchL,
          closed_dataStepL, closed_dataFinL, closed_bytesChunk, closed_nilL, hclosedS]

Note: This linter can be disabled with `set_option linter.unusedSimpArgs false`
src/ISAR/SpecVocabulary.lean:6801:51: warning: This simp argument is unused:
  subst_shift_succ

Hint: Omit it from the simp argument list.
  simp [idataStepL, idStepSel, idStepC, idK2Body, idOddK, idNmb, idBrec, idRln, idOdd, idRec,
  ̲  ̲ ̲ ̲ ̲ ̲idRl2, idHrv, iatPrefix, tupleL, cellLit, scottList, aps, List.foldl, List.map, List.foldr,
        hsteps, hstep, subst, shift, shift_zero, s̵u̵b̵s̵t̵_̵s̵h̵i̵f̵t̵_̵s̵u̵c̵c̵,̵subst_of_closed0, shift_of_closed0, closed,
  ̲  ̲ ̲ ̲ ̲ ̲closed_app, closed_cellLit, closed_tupleL, closed_scottList, closed_nibs2bytesL, closed_joinL,
  ̲  ̲ ̲ ̲ ̲ ̲closed_lenb4L, closed_appendL, closed_niboddL, closed_idOddK, closed_b4addL, closed_conssL,
  ̲  ̲ ̲ ̲ ̲ ̲closed_pairSrcL, closed_bytesChunk, closed_nibLit, closed_nilL, hnm, hT, ho, hoi, hrv, hrc,
  ̲  ̲ ̲ ̲ ̲ ̲hsy]

Note: This linter can be disabled with `set_option linter.unusedSimpArgs false`
src/ISAR/SpecVocabulary.lean:6802:54: warning: This simp argument is unused:
  closed_app

Hint: Omit it from the simp argument list.
  simp [idataStepL, idStepSel, idStepC, idK2Body, idOddK, idNmb, idBrec, idRln, idOdd, idRec,
  ̲  ̲ ̲ ̲ ̲ ̲idRl2, idHrv, iatPrefix, tupleL, cellLit, scottList, aps, List.foldl, List.map, List.foldr,
        hsteps, hstep, subst, shift, shift_zero, subst_shift_succ, subst_of_closed0, shift_of_closed0,
  ̲  ̲ ̲ ̲ ̲ ̲closed, c̵l̵o̵s̵e̵d̵_̵a̵p̵p̵,̵closed_cellLit, closed_tupleL, closed_scottList, closed_nibs2bytesL, closed_joinL,
  ̲  ̲ ̲ ̲ ̲ ̲closed_lenb4L, closed_appendL, closed_niboddL, closed_idOddK, closed_b4addL, closed_conssL,
  ̲  ̲ ̲ ̲ ̲ ̲closed_pairSrcL, closed_bytesChunk, closed_nibLit, closed_nilL, hnm, hT, ho, hoi, hrv, hrc,
  ̲  ̲ ̲ ̲ ̲ ̲hsy]

Note: This linter can be disabled with `set_option linter.unusedSimpArgs false`
src/ISAR/SpecVocabulary.lean:6803:10: warning: This simp argument is unused:
  closed_cellLit

Hint: Omit it from the simp argument list.
  simp [idataStepL, idStepSel, idStepC, idK2Body, idOddK, idNmb, idBrec, idRln, idOdd, idRec,
  ̲  ̲ ̲ ̲ ̲ ̲idRl2, idHrv, iatPrefix, tupleL, cellLit, scottList, aps, List.foldl, List.map, List.foldr,
        hsteps, hstep, subst, shift, shift_zero, subst_shift_succ, subst_of_closed0, shift_of_closed0,
  ̲  ̲ ̲ ̲ ̲ ̲closed, closed_app, c̵l̵o̵s̵e̵d̵_̵c̵e̵l̵l̵L̵i̵t̵,̵ ̵closed_tupleL, closed_scottList, closed_nibs2bytesL, closed_joinL,
  ̲  ̲ ̲ ̲ ̲ ̲closed_lenb4L, closed_appendL, closed_niboddL, closed_idOddK, closed_b4addL, closed_conssL,
  ̲  ̲ ̲ ̲ ̲ ̲closed_pairSrcL, closed_bytesChunk, closed_nibLit, closed_nilL, hnm, hT, ho, hoi, hrv, hrc,
  ̲  ̲ ̲ ̲ ̲ ̲hsy]

Note: This linter can be disabled with `set_option linter.unusedSimpArgs false`
src/ISAR/SpecVocabulary.lean:6803:26: warning: This simp argument is unused:
  closed_tupleL

Hint: Omit it from the simp argument list.
  simp [idataStepL, idStepSel, idStepC, idK2Body, idOddK, idNmb, idBrec, idRln, idOdd, idRec,
  ̲  ̲ ̲ ̲ ̲ ̲idRl2, idHrv, iatPrefix, tupleL, cellLit, scottList, aps, List.foldl, List.map, List.foldr,
        hsteps, hstep, subst, shift, shift_zero, subst_shift_succ, subst_of_closed0, shift_of_closed0,
  ̲  ̲ ̲ ̲ ̲ ̲closed, closed_app, closed_cellLit, c̵l̵o̵s̵e̵d̵_̵t̵u̵p̵l̵e̵L̵,̵ ̵closed_scottList, closed_nibs2bytesL, closed_joinL,
  ̲  ̲ ̲ ̲ ̲ ̲closed_lenb4L, closed_appendL, closed_niboddL, closed_idOddK, closed_b4addL, closed_conssL,
  ̲  ̲ ̲ ̲ ̲ ̲closed_pairSrcL, closed_bytesChunk, closed_nibLit, closed_nilL, hnm, hT, ho, hoi, hrv, hrc,
  ̲  ̲ ̲ ̲ ̲ ̲hsy]

Note: This linter can be disabled with `set_option linter.unusedSimpArgs false`
src/ISAR/SpecVocabulary.lean:6803:41: warning: This simp argument is unused:
  closed_scottList

Hint: Omit it from the simp argument list.
  simp [idataStepL, idStepSel, idStepC, idK2Body, idOddK, idNmb, idBrec, idRln, idOdd, idRec,
  ̲  ̲ ̲ ̲ ̲ ̲idRl2, idHrv, iatPrefix, tupleL, cellLit, scottList, aps, List.foldl, List.map, List.foldr,
        hsteps, hstep, subst, shift, shift_zero, subst_shift_succ, subst_of_closed0, shift_of_closed0,
  ̲  ̲ ̲ ̲ ̲ ̲closed, closed_app, closed_cellLit, closed_tupleL, c̵l̵o̵s̵e̵d̵_̵s̵c̵o̵t̵t̵L̵i̵s̵t̵,̵closed_nibs2bytesL, closed_joinL,
  ̲  ̲ ̲ ̲ ̲ ̲closed_lenb4L, closed_appendL, closed_niboddL, closed_idOddK, closed_b4addL, closed_conssL,
  ̲  ̲ ̲ ̲ ̲ ̲closed_pairSrcL, closed_bytesChunk, closed_nibLit, closed_nilL, hnm, hT, ho, hoi, hrv, hrc,
  ̲  ̲ ̲ ̲ ̲ ̲hsy]

Note: This linter can be disabled with `set_option linter.unusedSimpArgs false`
src/ISAR/SpecVocabulary.lean:6805:42: warning: This simp argument is unused:
  closed_idOddK

Hint: Omit it from the simp argument list.
  simp [idataStepL, idStepSel, idStepC, idK2Body, idOddK, idNmb, idBrec, idRln, idOdd, idRec,
  ̲  ̲ ̲ ̲ ̲ ̲idRl2, idHrv, iatPrefix, tupleL, cellLit, scottList, aps, List.foldl, List.map, List.foldr,
        hsteps, hstep, subst, shift, shift_zero, subst_shift_succ, subst_of_closed0, shift_of_closed0,
  ̲  ̲ ̲ ̲ ̲ ̲closed, closed_app, closed_cellLit, closed_tupleL, closed_scottList, closed_nibs2bytesL,
  ̲  ̲ ̲ ̲ ̲ ̲closed_joinL, closed_lenb4L, closed_appendL, closed_niboddL, c̵l̵o̵s̵e̵d̵_̵i̵d̵O̵d̵d̵K̵,̵closed_b4addL, closed_conssL,
  ̲  ̲ ̲ ̲ ̲ ̲closed_pairSrcL, closed_bytesChunk, closed_nibLit, closed_nilL, hnm, hT, ho, hoi, hrv, hrc,
  ̲  ̲ ̲ ̲ ̲ ̲hsy]

Note: This linter can be disabled with `set_option linter.unusedSimpArgs false`
src/ISAR/SpecVocabulary.lean:6828:51: warning: This simp argument is unused:
  subst_shift_succ

Hint: Omit it from the simp argument list.
  simp [idataStepL, idStepSel, idStepC, idK2Body, idOddK, iatPrefix, tupleL, cellLit, scottList,
  ̲  ̲ ̲ ̲ ̲ ̲nilL, aps, List.foldl, List.map, List.foldr, hsteps, hstep, subst, shift, shift_zero,
  ̲  ̲ ̲ ̲ ̲ ̲s̵u̵b̵s̵t̵_̵s̵h̵i̵f̵t̵_̵s̵u̵c̵c̵,̵subst_of_closed0, shift_of_closed0, closed, closed_app, closed_cellLit, closed_tupleL,
  ̲  ̲ ̲ ̲ ̲ ̲closed_scottList, closed_nibs2bytesL, closed_joinL, closed_lenb4L, closed_appendL,
        closed_niboddL, closed_idOddK, closed_b4addL, closed_conssL, closed_pairSrcL,
  ̲  ̲ ̲ ̲ ̲ ̲closed_bytesChunk, closed_nibLit, closed_nilL, ho, hoi, hrv, hrc, hsy]

Note: This linter can be disabled with `set_option linter.unusedSimpArgs false`
src/ISAR/SpecVocabulary.lean:6829:54: warning: This simp argument is unused:
  closed_app

Hint: Omit it from the simp argument list.
  simp [idataStepL, idStepSel, idStepC, idK2Body, idOddK, iatPrefix, tupleL, cellLit, scottList,
  ̲  ̲ ̲ ̲ ̲ ̲nilL, aps, List.foldl, List.map, List.foldr, hsteps, hstep, subst, shift, shift_zero,
  ̲  ̲ ̲ ̲ ̲ ̲subst_shift_succ, subst_of_closed0, shift_of_closed0, closed, c̵l̵o̵s̵e̵d̵_̵a̵p̵p̵,̵closed_cellLit, closed_tupleL,
  ̲  ̲ ̲ ̲ ̲ ̲closed_scottList, closed_nibs2bytesL, closed_joinL, closed_lenb4L, closed_appendL,
        closed_niboddL, closed_idOddK, closed_b4addL, closed_conssL, closed_pairSrcL,
  ̲  ̲ ̲ ̲ ̲ ̲closed_bytesChunk, closed_nibLit, closed_nilL, ho, hoi, hrv, hrc, hsy]

Note: This linter can be disabled with `set_option linter.unusedSimpArgs false`
src/ISAR/SpecVocabulary.lean:6830:10: warning: This simp argument is unused:
  closed_cellLit

Hint: Omit it from the simp argument list.
  simp [idataStepL, idStepSel, idStepC, idK2Body, idOddK, iatPrefix, tupleL, cellLit, scottList,
  ̲  ̲ ̲ ̲ ̲ ̲nilL, aps, List.foldl, List.map, List.foldr, hsteps, hstep, subst, shift, shift_zero,
  ̲  ̲ ̲ ̲ ̲ ̲subst_shift_succ, subst_of_closed0, shift_of_closed0, closed, closed_app, c̵l̵o̵s̵e̵d̵_̵c̵e̵l̵l̵L̵i̵t̵,̵ ̵closed_tupleL,
  ̲  ̲ ̲ ̲ ̲ ̲closed_scottList, closed_nibs2bytesL, closed_joinL, closed_lenb4L, closed_appendL,
  ̲  ̲ ̲ ̲ ̲ ̲closed_niboddL, closed_idOddK, closed_b4addL, closed_conssL, closed_pairSrcL,
        closed_bytesChunk, closed_nibLit, closed_nilL, ho, hoi, hrv, hrc, hsy]

Note: This linter can be disabled with `set_option linter.unusedSimpArgs false`
src/ISAR/SpecVocabulary.lean:6830:26: warning: This simp argument is unused:
  closed_tupleL

Hint: Omit it from the simp argument list.
  simp [idataStepL, idStepSel, idStepC, idK2Body, idOddK, iatPrefix, tupleL, cellLit, scottList,
  ̲  ̲ ̲ ̲ ̲ ̲nilL, aps, List.foldl, List.map, List.foldr, hsteps, hstep, subst, shift, shift_zero,
  ̲  ̲ ̲ ̲ ̲ ̲subst_shift_succ, subst_of_closed0, shift_of_closed0, closed, closed_app, closed_cellLit,
  ̲  ̲ ̲ ̲ ̲ ̲c̵l̵o̵s̵e̵d̵_̵t̵u̵p̵l̵e̵L̵,̵ ̵closed_scottList, closed_nibs2bytesL, closed_joinL, closed_lenb4L, closed_appendL,
  ̲  ̲ ̲ ̲ ̲ ̲closed_niboddL, closed_idOddK, closed_b4addL, closed_conssL, closed_pairSrcL,
        closed_bytesChunk, closed_nibLit, closed_nilL, ho, hoi, hrv, hrc, hsy]

Note: This linter can be disabled with `set_option linter.unusedSimpArgs false`
src/ISAR/SpecVocabulary.lean:6830:41: warning: This simp argument is unused:
  closed_scottList

Hint: Omit it from the simp argument list.
  simp [idataStepL, idStepSel, idStepC, idK2Body, idOddK, iatPrefix, tupleL, cellLit, scottList,
  ̲  ̲ ̲ ̲ ̲ ̲nilL, aps, List.foldl, List.map, List.foldr, hsteps, hstep, subst, shift, shift_zero,
  ̲  ̲ ̲ ̲ ̲ ̲subst_shift_succ, subst_of_closed0, shift_of_closed0, closed, closed_app, closed_cellLit,
  ̲  ̲ ̲ ̲ ̲ ̲closed_tupleL, c̵l̵o̵s̵e̵d̵_̵s̵c̵o̵t̵t̵L̵i̵s̵t̵,̵closed_nibs2bytesL, closed_joinL, closed_lenb4L, closed_appendL,
        closed_niboddL, closed_idOddK, closed_b4addL, closed_conssL, closed_pairSrcL,
  ̲  ̲ ̲ ̲ ̲ ̲closed_bytesChunk, closed_nibLit, closed_nilL, ho, hoi, hrv, hrc, hsy]

Note: This linter can be disabled with `set_option linter.unusedSimpArgs false`
src/ISAR/SpecVocabulary.lean:6832:42: warning: This simp argument is unused:
  closed_idOddK

Hint: Omit it from the simp argument list.
  simp [idataStepL, idStepSel, idStepC, idK2Body, idOddK, iatPrefix, tupleL, cellLit, scottList,
  ̲  ̲ ̲ ̲ ̲ ̲nilL, aps, List.foldl, List.map, List.foldr, hsteps, hstep, subst, shift, shift_zero,
  ̲  ̲ ̲ ̲ ̲ ̲subst_shift_succ, subst_of_closed0, shift_of_closed0, closed, closed_app, closed_cellLit,
  ̲  ̲ ̲ ̲ ̲ ̲closed_tupleL, closed_scottList, closed_nibs2bytesL, closed_joinL, closed_lenb4L,
        closed_appendL, closed_niboddL, c̵l̵o̵s̵e̵d̵_̵i̵d̵O̵d̵d̵K̵,̵closed_b4addL, closed_conssL, closed_pairSrcL,
  ̲  ̲ ̲ ̲ ̲ ̲closed_bytesChunk, closed_nibLit, closed_nilL, ho, hoi, hrv, hrc, hsy]

Note: This linter can be disabled with `set_option linter.unusedSimpArgs false`
src/ISAR/SpecVocabulary.lean:6834:44: warning: This simp argument is unused:
  closed_nilL

Hint: Omit it from the simp argument list.
  simp [idataStepL, idStepSel, idStepC, idK2Body, idOddK, iatPrefix, tupleL, cellLit, scottList,
  ̲  ̲ ̲ ̲ ̲ ̲nilL, aps, List.foldl, List.map, List.foldr, hsteps, hstep, subst, shift, shift_zero,
  ̲  ̲ ̲ ̲ ̲ ̲subst_shift_succ, subst_of_closed0, shift_of_closed0, closed, closed_app, closed_cellLit,
  ̲  ̲ ̲ ̲ ̲ ̲closed_tupleL, closed_scottList, closed_nibs2bytesL, closed_joinL, closed_lenb4L,
        closed_appendL, closed_niboddL, closed_idOddK, closed_b4addL, closed_conssL, closed_pairSrcL,
        closed_bytesChunk, closed_nibLit, c̵l̵o̵s̵e̵d̵_̵n̵i̵l̵L̵,̵ho, hoi, hrv, hrc, hsy]

Note: This linter can be disabled with `set_option linter.unusedSimpArgs false`
src/ISAR/SpecVocabulary.lean:6872:28: warning: This simp argument is unused:
  List.mem_singleton

Hint: Omit it from the simp argument list.
  simp only [List.mem_cons, L̵i̵s̵t̵.̵m̵e̵m̵_̵s̵i̵n̵g̵l̵e̵t̵o̵n̵,̵ ̵List.not_mem_nil, or_false] at hx

Note: This linter can be disabled with `set_option linter.unusedSimpArgs false`
src/ISAR/SpecVocabulary.lean:7126:27: warning: This simp argument is unused:
  Bool.and_eq_true

Hint: Omit it from the simp argument list.
  simp [iatPrefix, closed, B̵o̵o̵l̵.̵a̵n̵d̵_̵e̵q̵_̵t̵r̵u̵e̵,̵
  ̵ ̵ ̵ ̵ ̵closed_conssL_any, closed_nibLit_any, h]

Note: This linter can be disabled with `set_option linter.unusedSimpArgs false`
src/ISAR/SpecVocabulary.lean:7132:35: warning: This simp argument is unused:
  List.foldl

Hint: Omit it from the simp argument list.
  simp [idFinL, scottList, cellLit,
  ̵  ̵ ̵ ̵ ̵ ̵ ̵ ̵closed, shift, List.foldr, List.f̵o̵l̵d̵l̵,̵ ̵L̵i̵s̵t̵.̵map, aps,
  ̵  ̵ ̵ ̵ ̵ ̵ ̵ ̵shift_of_closed0,
  ̲  ̲ ̲ ̲subst_of_closed0,
  ̵  ̵ ̵ ̵ ̵ ̵ ̵ ̵closed_joinL_any, closed_revL_any, closed_mapL_any,
  ̵  ̵ ̵ ̵ ̵ ̵ ̵ ̵closed_appendL_any,
  ̲  ̲ ̲ ̲closed_u64L_any, closed_zerofillL_any,
  ̵  ̵ ̵ ̵ ̵ ̵ ̵ ̵closed_churchL_any, closed_b4addL_any, closed_conssL_any,
       ̵ ̵ ̵ ̵closed_pairSrcL_any, closed_nibLit_any, closed_nilL_any,
  ̵  ̵ ̵ ̵ ̵ ̵ ̵ ̵closed_bytesChunk,
  ̲  ̲ ̲ ̲closed_bytesChunk_any]

Note: This linter can be disabled with `set_option linter.unusedSimpArgs false`
src/ISAR/SpecVocabulary.lean:7132:47: warning: This simp argument is unused:
  List.map

Hint: Omit it from the simp argument list.
  simp [idFinL, scottList, cellLit,
  ̵  ̵ ̵ ̵ ̵ ̵ ̵ ̵closed, shift, List.foldr, List.foldl, L̵i̵s̵t̵.̵m̵ap,̵ ̵a̵p̵s,
  ̵  ̵ ̵ ̵ ̵ ̵ ̵ ̵shift_of_closed0,
  ̲  ̲ ̲ ̲subst_of_closed0,
  ̵  ̵ ̵ ̵ ̵ ̵ ̵ ̵closed_joinL_any, closed_revL_any, closed_mapL_any,
  ̵  ̵ ̵ ̵ ̵ ̵ ̵ ̵closed_appendL_any,
  ̲  ̲ ̲ ̲closed_u64L_any, closed_zerofillL_any,
  ̵  ̵ ̵ ̵ ̵ ̵ ̵ ̵closed_churchL_any, closed_b4addL_any, closed_conssL_any,
       ̵ ̵ ̵ ̵closed_pairSrcL_any, closed_nibLit_any, closed_nilL_any,
  ̵  ̵ ̵ ̵ ̵ ̵ ̵ ̵closed_bytesChunk,
  ̲  ̲ ̲ ̲closed_bytesChunk_any]

Note: This linter can be disabled with `set_option linter.unusedSimpArgs false`
src/ISAR/SpecVocabulary.lean:7132:57: warning: This simp argument is unused:
  aps

Hint: Omit it from the simp argument list.
  simp [idFinL, scottList, cellLit,
  ̵  ̵ ̵ ̵ ̵ ̵ ̵ ̵closed, shift, List.foldr, List.foldl, List.map, ̵a̵p̵s̵,̵
       ̵ ̵ ̵ ̵shift_of_closed0, subst_of_closed0,
  ̵  ̵ ̵ ̵ ̵ ̵ ̵ ̵closed_joinL_any, closed_revL_any, closed_mapL_any,
       ̵ ̵ ̵ ̵closed_appendL_any, closed_u64L_any, closed_zerofillL_any,
  ̵  ̵ ̵ ̵ ̵ ̵ ̵ ̵closed_churchL_any,
  ̲  ̲ ̲ ̲closed_b4addL_any, closed_conssL_any,
  ̵  ̵ ̵ ̵ ̵ ̵ ̵ ̵closed_pairSrcL_any, closed_nibLit_any, closed_nilL_any,
       ̵ ̵ ̵ ̵closed_bytesChunk, closed_bytesChunk_any]

Note: This linter can be disabled with `set_option linter.unusedSimpArgs false`
src/ISAR/SpecVocabulary.lean:7133:26: warning: This simp argument is unused:
  subst_of_closed0

Hint: Omit it from the simp argument list.
  simp [idFinL, scottList, cellLit,
  ̵  ̵ ̵ ̵ ̵ ̵ ̵ ̵closed, shift, List.foldr, List.foldl, List.map, aps,
       ̵ ̵ ̵ ̵shift_of_closed0, s̵u̵b̵s̵t̵_̵o̵f̵_̵closed0̵,̵
  ̵ ̵ ̵ ̵ ̵ ̵ ̵ ̵ ̵c̵l̵o̵s̵e̵d̵_joinL_any, closed_revL_any, closed_mapL_any,
  ̵  ̵ ̵ ̵ ̵ ̵ ̵ ̵closed_appendL_any,
  ̲  ̲ ̲ ̲closed_u64L_any, closed_zerofillL_any,
  ̵  ̵ ̵ ̵ ̵ ̵ ̵ ̵closed_churchL_any, closed_b4addL_any, closed_conssL_any,
       ̵ ̵ ̵ ̵closed_pairSrcL_any, closed_nibLit_any, closed_nilL_any,
  ̵  ̵ ̵ ̵ ̵ ̵ ̵ ̵closed_bytesChunk,
  ̲  ̲ ̲ ̲closed_bytesChunk_any]

Note: This linter can be disabled with `set_option linter.unusedSimpArgs false`
src/ISAR/SpecVocabulary.lean:7135:8: warning: This simp argument is unused:
  closed_appendL_any

Hint: Omit it from the simp argument list.
  simp [idFinL, scottList, cellLit,
  ̵  ̵ ̵ ̵ ̵ ̵ ̵ ̵closed, shift, List.foldr, List.foldl, List.map, aps,
       ̵ ̵ ̵ ̵shift_of_closed0, subst_of_closed0,
  ̵  ̵ ̵ ̵ ̵ ̵ ̵ ̵closed_joinL_any, closed_revL_any, closed_mapL_any,
       ̵ ̵ ̵ ̵closed_a̵p̵p̵e̵n̵d̵L̵_̵a̵n̵y̵,̵ ̵c̵l̵o̵s̵e̵d̵_̵u64L_any, closed_zerofillL_any,
  ̵  ̵ ̵ ̵ ̵ ̵ ̵ ̵closed_churchL_any, closed_b4addL_any, closed_conssL_any,
       ̵ ̵ ̵ ̵closed_pairSrcL_any, closed_nibLit_any, closed_nilL_any,
  ̵  ̵ ̵ ̵ ̵ ̵ ̵ ̵closed_bytesChunk,
  ̲  ̲ ̲ ̲closed_bytesChunk_any]

Note: This linter can be disabled with `set_option linter.unusedSimpArgs false`
src/ISAR/SpecVocabulary.lean:7137:29: warning: This simp argument is unused:
  closed_nibLit_any

Hint: Omit it from the simp argument list.
  simp [idFinL, scottList, cellLit,
  ̵  ̵ ̵ ̵ ̵ ̵ ̵ ̵closed, shift, List.foldr, List.foldl, List.map, aps,
       ̵ ̵ ̵ ̵shift_of_closed0, subst_of_closed0,
  ̵  ̵ ̵ ̵ ̵ ̵ ̵ ̵closed_joinL_any, closed_revL_any, closed_mapL_any,
       ̵ ̵ ̵ ̵closed_appendL_any, closed_u64L_any, closed_zerofillL_any,
  ̵  ̵ ̵ ̵ ̵ ̵ ̵ ̵closed_churchL_any,
  ̲  ̲ ̲ ̲closed_b4addL_any, closed_conssL_any,
  ̵  ̵ ̵ ̵ ̵ ̵ ̵ ̵closed_pairSrcL_any, closed_nib̵L̵i̵t̵_̵a̵n̵y̵,̵ ̵c̵lo̵s̵e̵d̵_̵n̵i̵l̵L_any,
  ̵  ̵ ̵ ̵ ̵ ̵ ̵ ̵closed_bytesChunk,
  ̲  ̲ ̲ ̲closed_bytesChunk_any]

Note: This linter can be disabled with `set_option linter.unusedSimpArgs false`
src/ISAR/SpecVocabulary.lean:7138:8: warning: This simp argument is unused:
  closed_bytesChunk

Hint: Omit it from the simp argument list.
  simp [idFinL, scottList, cellLit,
  ̵  ̵ ̵ ̵ ̵ ̵ ̵ ̵closed, shift, List.foldr, List.foldl, List.map, aps,
       ̵ ̵ ̵ ̵shift_of_closed0, subst_of_closed0,
  ̵  ̵ ̵ ̵ ̵ ̵ ̵ ̵closed_joinL_any, closed_revL_any, closed_mapL_any,
       ̵ ̵ ̵ ̵closed_appendL_any, closed_u64L_any, closed_zerofillL_any,
  ̵  ̵ ̵ ̵ ̵ ̵ ̵ ̵closed_churchL_any,
  ̲  ̲ ̲ ̲closed_b4addL_any, closed_conssL_any,
  ̵  ̵ ̵ ̵ ̵ ̵ ̵ ̵closed_pairSrcL_any, closed_nibLit_any, closed_nilL_any,
       ̵ ̵ ̵ ̵closed_bytesChunk,̵ ̵c̵l̵o̵s̵e̵d̵_b̵y̵t̵e̵s̵C̵h̵u̵n̵k̵_̵any]

Note: This linter can be disabled with `set_option linter.unusedSimpArgs false`
src/ISAR/SpecVocabulary.lean:7151:30: warning: Variable name `hoi` is not explicitly referenced.

The binding can be removed (if unused) or named `_` (if used implicitly).

Note: This linter can be disabled with `set_option linter.unusedVariables false`
src/ISAR/SpecVocabulary.lean:7158:40: warning: This simp argument is unused:
  iatPrefix

Hint: Omit it from the simp argument list.
  simp [idFinL, idBody, idIdt, idIlt, idDrva, idNams, pairLit, pairSrcL, scottList, cellLit, i̵a̵t̵P̵r̵e̵f̵i̵x̵,̵aps,
        List.foldl, List.map, List.foldr, hsteps, hstep, subst, shift, shift_zero, subst_shift_succ,
  ̲  ̲ ̲ ̲ ̲ ̲subst_of_closed0, shift_of_closed0, closed, closed_app, closed_cellLit, closed_scottList,
  ̲  ̲ ̲ ̲ ̲ ̲closed_joinL, closed_revL, closed_mapL, closed_appendL, closed_u64L, closed_zerofillL,
  ̲  ̲ ̲ ̲ ̲ ̲closed_churchL, closed_b4addL, closed_conssL, closed_pairSrcL, closed_bytesChunk,
        closed_nibLit, closed_nilL, ho, hoi, hrv, hrc, hsy]

Note: This linter can be disabled with `set_option linter.unusedSimpArgs false`
src/ISAR/SpecVocabulary.lean:7159:27: warning: This simp argument is unused:
  List.map

Hint: Omit it from the simp argument list.
  simp [idFinL, idBody, idIdt, idIlt, idDrva, idNams, pairLit, pairSrcL, scottList, cellLit,
  ̲  ̲ ̲ ̲ ̲ ̲iatPrefix, aps, List.foldl, L̵i̵s̵t̵.̵m̵a̵p̵,̵ ̵List.foldr, hsteps, hstep, subst, shift, shift_zero,
  ̲  ̲ ̲ ̲ ̲ ̲subst_shift_succ, subst_of_closed0, shift_of_closed0, closed, closed_app, closed_cellLit,
  ̲  ̲ ̲ ̲ ̲ ̲closed_scottList, closed_joinL, closed_revL, closed_mapL, closed_appendL, closed_u64L,
  ̲  ̲ ̲ ̲ ̲ ̲closed_zerofillL, closed_churchL, closed_b4addL, closed_conssL, closed_pairSrcL,
        closed_bytesChunk, closed_nibLit, closed_nilL, ho, hoi, hrv, hrc, hsy]

Note: This linter can be disabled with `set_option linter.unusedSimpArgs false`
src/ISAR/SpecVocabulary.lean:7160:39: warning: This simp argument is unused:
  shift_zero

Hint: Omit it from the simp argument list.
  simp [idFinL, idBody, idIdt, idIlt, idDrva, idNams, pairLit, pairSrcL, scottList, cellLit,
  ̲  ̲ ̲ ̲ ̲ ̲iatPrefix, aps, List.foldl, List.map, List.foldr, hsteps, hstep, subst, shift,
  ̲  ̲ ̲ ̲ ̲ ̲s̵h̵i̵f̵t̵_̵z̵e̵r̵o̵,̵ ̵subst_shift_succ, subst_of_closed0, shift_of_closed0, closed, closed_app, closed_cellLit,
  ̲  ̲ ̲ ̲ ̲ ̲closed_scottList, closed_joinL, closed_revL, closed_mapL, closed_appendL, closed_u64L,
  ̲  ̲ ̲ ̲ ̲ ̲closed_zerofillL, closed_churchL, closed_b4addL, closed_conssL, closed_pairSrcL,
        closed_bytesChunk, closed_nibLit, closed_nilL, ho, hoi, hrv, hrc, hsy]

Note: This linter can be disabled with `set_option linter.unusedSimpArgs false`
src/ISAR/SpecVocabulary.lean:7160:51: warning: This simp argument is unused:
  subst_shift_succ

Hint: Omit it from the simp argument list.
  simp [idFinL, idBody, idIdt, idIlt, idDrva, idNams, pairLit, pairSrcL, scottList, cellLit,
  ̲  ̲ ̲ ̲ ̲ ̲iatPrefix, aps, List.foldl, List.map, List.foldr, hsteps, hstep, subst, shift, shift_zero,
  ̲  ̲ ̲ ̲ ̲ ̲s̵u̵b̵s̵t̵_̵s̵h̵i̵f̵t̵_̵s̵u̵c̵c̵,̵subst_of_closed0, shift_of_closed0, closed, closed_app, closed_cellLit, closed_scottList,
  ̲  ̲ ̲ ̲ ̲ ̲closed_joinL, closed_revL, closed_mapL, closed_appendL, closed_u64L, closed_zerofillL,
  ̲  ̲ ̲ ̲ ̲ ̲closed_churchL, closed_b4addL, closed_conssL, closed_pairSrcL, closed_bytesChunk,
        closed_nibLit, closed_nilL, ho, hoi, hrv, hrc, hsy]

Note: This linter can be disabled with `set_option linter.unusedSimpArgs false`
src/ISAR/SpecVocabulary.lean:7161:54: warning: This simp argument is unused:
  closed_app

Hint: Omit it from the simp argument list.
  simp [idFinL, idBody, idIdt, idIlt, idDrva, idNams, pairLit, pairSrcL, scottList, cellLit,
  ̲  ̲ ̲ ̲ ̲ ̲iatPrefix, aps, List.foldl, List.map, List.foldr, hsteps, hstep, subst, shift, shift_zero,
  ̲  ̲ ̲ ̲ ̲ ̲subst_shift_succ, subst_of_closed0, shift_of_closed0, closed, c̵l̵o̵s̵e̵d̵_̵a̵p̵p̵,̵closed_cellLit,
        closed_scottList, closed_joinL, closed_revL, closed_mapL, closed_appendL, closed_u64L,
        closed_zerofillL, closed_churchL, closed_b4addL, closed_conssL, closed_pairSrcL,
  ̲  ̲ ̲ ̲ ̲ ̲closed_bytesChunk, closed_nibLit, closed_nilL, ho, hoi, hrv, hrc, hsy]

Note: This linter can be disabled with `set_option linter.unusedSimpArgs false`
src/ISAR/SpecVocabulary.lean:7162:10: warning: This simp argument is unused:
  closed_cellLit

Hint: Omit it from the simp argument list.
  simp [idFinL, idBody, idIdt, idIlt, idDrva, idNams, pairLit, pairSrcL, scottList, cellLit,
  ̲  ̲ ̲ ̲ ̲ ̲iatPrefix, aps, List.foldl, List.map, List.foldr, hsteps, hstep, subst, shift, shift_zero,
  ̲  ̲ ̲ ̲ ̲ ̲subst_shift_succ, subst_of_closed0, shift_of_closed0, closed, closed_app, c̵l̵o̵s̵e̵d̵_̵c̵e̵l̵l̵L̵i̵t̵,̵ ̵closed_scottList,
        closed_joinL, closed_revL, closed_mapL, closed_appendL, closed_u64L, closed_zerofillL,
  ̲  ̲ ̲ ̲ ̲ ̲closed_churchL, closed_b4addL, closed_conssL, closed_pairSrcL, closed_bytesChunk,
  ̲  ̲ ̲ ̲ ̲ ̲closed_nibLit, closed_nilL, ho, hoi, hrv, hrc, hsy]

Note: This linter can be disabled with `set_option linter.unusedSimpArgs false`
src/ISAR/SpecVocabulary.lean:7162:26: warning: This simp argument is unused:
  closed_scottList

Hint: Omit it from the simp argument list.
  simp [idFinL, idBody, idIdt, idIlt, idDrva, idNams, pairLit, pairSrcL, scottList, cellLit,
  ̲  ̲ ̲ ̲ ̲ ̲iatPrefix, aps, List.foldl, List.map, List.foldr, hsteps, hstep, subst, shift, shift_zero,
  ̲  ̲ ̲ ̲ ̲ ̲subst_shift_succ, subst_of_closed0, shift_of_closed0, closed, closed_app, closed_cellLit,
  ̲  ̲ ̲ ̲ ̲ ̲c̵l̵o̵s̵e̵d̵_̵s̵c̵o̵t̵t̵L̵i̵s̵t̵,̵closed_joinL, closed_revL, closed_mapL, closed_appendL, closed_u64L, closed_zerofillL,
  ̲  ̲ ̲ ̲ ̲ ̲closed_churchL, closed_b4addL, closed_conssL, closed_pairSrcL, closed_bytesChunk,
        closed_nibLit, closed_nilL, ho, hoi, hrv, hrc, hsy]

Note: This linter can be disabled with `set_option linter.unusedSimpArgs false`
src/ISAR/SpecVocabulary.lean:7163:50: warning: This simp argument is unused:
  closed_appendL

Hint: Omit it from the simp argument list.
  simp [idFinL, idBody, idIdt, idIlt, idDrva, idNams, pairLit, pairSrcL, scottList, cellLit,
  ̲  ̲ ̲ ̲ ̲ ̲iatPrefix, aps, List.foldl, List.map, List.foldr, hsteps, hstep, subst, shift, shift_zero,
  ̲  ̲ ̲ ̲ ̲ ̲subst_shift_succ, subst_of_closed0, shift_of_closed0, closed, closed_app, closed_cellLit,
  ̲  ̲ ̲ ̲ ̲ ̲closed_scottList, closed_joinL, closed_revL, closed_mapL, c̵l̵o̵s̵e̵d̵_̵a̵p̵p̵e̵n̵d̵L̵,̵closed_u64L, closed_zerofillL,
  ̲  ̲ ̲ ̲ ̲ ̲closed_churchL, closed_b4addL, closed_conssL, closed_pairSrcL, closed_bytesChunk,
        closed_nibLit, closed_nilL, ho, hoi, hrv, hrc, hsy]

Note: This linter can be disabled with `set_option linter.unusedSimpArgs false`
src/ISAR/SpecVocabulary.lean:7165:40: warning: This simp argument is unused:
  closed_pairSrcL

Hint: Omit it from the simp argument list.
  simp [idFinL, idBody, idIdt, idIlt, idDrva, idNams, pairLit, pairSrcL, scottList, cellLit,
  ̲  ̲ ̲ ̲ ̲ ̲iatPrefix, aps, List.foldl, List.map, List.foldr, hsteps, hstep, subst, shift, shift_zero,
  ̲  ̲ ̲ ̲ ̲ ̲subst_shift_succ, subst_of_closed0, shift_of_closed0, closed, closed_app, closed_cellLit,
  ̲  ̲ ̲ ̲ ̲ ̲closed_scottList, closed_joinL, closed_revL, closed_mapL, closed_appendL, closed_u64L,
  ̲  ̲ ̲ ̲ ̲ ̲closed_zerofillL, closed_churchL, closed_b4addL, closed_conssL, c̵l̵o̵s̵e̵d̵_̵p̵a̵i̵r̵S̵r̵c̵L̵,̵closed_bytesChunk,
        closed_nibLit, closed_nilL, ho, hoi, hrv, hrc, hsy]

Note: This linter can be disabled with `set_option linter.unusedSimpArgs false`
src/ISAR/SpecVocabulary.lean:7166:29: warning: This simp argument is unused:
  closed_nibLit

Hint: Omit it from the simp argument list.
  simp [idFinL, idBody, idIdt, idIlt, idDrva, idNams, pairLit, pairSrcL, scottList, cellLit,
  ̲  ̲ ̲ ̲ ̲ ̲iatPrefix, aps, List.foldl, List.map, List.foldr, hsteps, hstep, subst, shift, shift_zero,
  ̲  ̲ ̲ ̲ ̲ ̲subst_shift_succ, subst_of_closed0, shift_of_closed0, closed, closed_app, closed_cellLit,
  ̲  ̲ ̲ ̲ ̲ ̲closed_scottList, closed_joinL, closed_revL, closed_mapL, closed_appendL, closed_u64L,
  ̲  ̲ ̲ ̲ ̲ ̲closed_zerofillL, closed_churchL, closed_b4addL, closed_conssL, closed_pairSrcL,
        closed_bytesChunk, c̵l̵o̵s̵e̵d̵_̵n̵i̵b̵L̵i̵t̵,̵ ̵closed_nilL, ho, hoi, hrv, hrc, hsy]

Note: This linter can be disabled with `set_option linter.unusedSimpArgs false`
src/ISAR/SpecVocabulary.lean:7167:14: warning: This simp argument is unused:
  hoi

Hint: Omit it from the simp argument list.
  simp [idFinL, idBody, idIdt, idIlt, idDrva, idNams, pairLit, pairSrcL, scottList, cellLit,
  ̲  ̲ ̲ ̲ ̲ ̲iatPrefix, aps, List.foldl, List.map, List.foldr, hsteps, hstep, subst, shift, shift_zero,
  ̲  ̲ ̲ ̲ ̲ ̲subst_shift_succ, subst_of_closed0, shift_of_closed0, closed, closed_app, closed_cellLit,
  ̲  ̲ ̲ ̲ ̲ ̲closed_scottList, closed_joinL, closed_revL, closed_mapL, closed_appendL, closed_u64L,
  ̲  ̲ ̲ ̲ ̲ ̲closed_zerofillL, closed_churchL, closed_b4addL, closed_conssL, closed_pairSrcL,
        closed_bytesChunk, closed_nibLit, closed_nilL, ho, h̵o̵i̵,̵ ̵hrv, hrc, hsy]

Note: This linter can be disabled with `set_option linter.unusedSimpArgs false`
src/ISAR/SpecVocabulary.lean:7195:30: warning: This simp argument is unused:
  List.mem_singleton

Hint: Omit it from the simp argument list.
  simp only [List.mem_cons, L̵i̵s̵t̵.̵m̵e̵m̵_̵s̵i̵n̵g̵l̵e̵t̵o̵n̵,̵List.not_mem_nil, or_false] at hx

Note: This linter can be disabled with `set_option linter.unusedSimpArgs false`
src/ISAR/SpecVocabulary.lean:7230:32: warning: This simp argument is unused:
  List.mem_singleton

Hint: Omit it from the simp argument list.
  simp only [List.mem_cons, L̵i̵s̵t̵.̵m̵e̵m̵_̵s̵i̵n̵g̵l̵e̵t̵o̵n̵,̵List.not_mem_nil, or_false] at he

Note: This linter can be disabled with `set_option linter.unusedSimpArgs false`
src/ISAR/SpecVocabulary.lean:7249:41: warning: This simp argument is unused:
  shift_zero

Hint: Omit it from the simp argument list.
  simp [idataOfL, tupleL, aps, List.foldl, List.map, hsteps, hstep, subst, shift,
  ̲  ̲ ̲ ̲ ̲ ̲ ̲ ̲s̵h̵i̵f̵t̵_̵z̵e̵r̵o̵,̵subst_shift_succ, subst_of_closed0, shift_of_closed0, closed, closed_app, closed_churchL,
          closed_idataStepL, closed_idFinL, closed_bytesChunk, closed_nilL, hclosedS]

Note: This linter can be disabled with `set_option linter.unusedSimpArgs false`
src/ISAR/SpecVocabulary.lean:7250:12: warning: This simp argument is unused:
  subst_shift_succ

Hint: Omit it from the simp argument list.
  simp [idataOfL, tupleL, aps, List.foldl, List.map, hsteps, hstep, subst, shift, shift_zero,
          s̵u̵b̵s̵t̵_̵s̵h̵i̵f̵t̵_̵s̵u̵c̵c̵,̵subst_of_closed0, shift_of_closed0, closed, closed_app, closed_churchL, closed_idataStepL,
  ̲  ̲ ̲ ̲ ̲ ̲ ̲ ̲closed_idFinL, closed_bytesChunk, closed_nilL, hclosedS]

Note: This linter can be disabled with `set_option linter.unusedSimpArgs false`
src/ISAR/SpecVocabulary.lean:7251:48: warning: This simp argument is unused:
  closed

Hint: Omit it from the simp argument list.
  simp [idataOfL, tupleL, aps, List.foldl, List.map, hsteps, hstep, subst, shift, shift_zero,
          subst_shift_succ, subst_of_closed0, shift_of_closed0, c̵l̵o̵s̵e̵d̵,̵ ̵closed_app, closed_churchL,
  ̲  ̲ ̲ ̲ ̲ ̲ ̲ ̲closed_idataStepL, closed_idFinL, closed_bytesChunk, closed_nilL, hclosedS]

Note: This linter can be disabled with `set_option linter.unusedSimpArgs false`
src/ISAR/SpecVocabulary.lean:7251:56: warning: This simp argument is unused:
  closed_app

Hint: Omit it from the simp argument list.
  simp [idataOfL, tupleL, aps, List.foldl, List.map, hsteps, hstep, subst, shift, shift_zero,
          subst_shift_succ, subst_of_closed0, shift_of_closed0, closed, c̵l̵o̵s̵e̵d̵_̵a̵p̵p̵,̵closed_churchL,
          closed_idataStepL, closed_idFinL, closed_bytesChunk, closed_nilL, hclosedS]

Note: This linter can be disabled with `set_option linter.unusedSimpArgs false`
'ISAR.dataStep_cons' depends on axioms: [propext, Quot.sound]
'ISAR.dataStep_nil' depends on axioms: [propext, Quot.sound]
'ISAR.dataOf_iterK' depends on axioms: [propext, Quot.sound]
'ISAR.dataFin_eval' depends on axioms: [propext]
'ISAR.dataOf_eval' depends on axioms: [propext, Quot.sound]
'ISAR.idataStep_cons' depends on axioms: [propext, Quot.sound]
'ISAR.idataStep_nil' depends on axioms: [propext, Quot.sound]
'ISAR.idataOf_iterK' depends on axioms: [propext, Quot.sound]
'ISAR.idFin_eval' depends on axioms: [propext, Quot.sound]
'ISAR.idataOf_eval' depends on axioms: [propext, Quot.sound]
'ISAR.incByteN_parity' depends on axioms: [propext, Quot.sound]
'ISAR.lenFold_parity' depends on axioms: [propext, Quot.sound]
'ISAR.nibPairUp_nibLit' depends on axioms: [propext]
'ISAR.nibs2bytesB_length' depends on axioms: [propext, Quot.sound]
'ISAR.join_thunks_eval' depends on axioms: [propext, Quot.sound]
'ISAR.idBrec_eval' depends on axioms: [propext, Quot.sound]
'ISAR.idRln_eval' depends on axioms: [propext, Classical.choice, Quot.sound]
'ISAR.idOdd_eval' depends on axioms: [propext, Classical.choice, Quot.sound]
'ISAR.idRec_eval' depends on axioms: [propext, Classical.choice, Quot.sound]
'ISAR.idRl2_eval' depends on axioms: [propext, Classical.choice, Quot.sound]
'ISAR.idHrv_eval' depends on axioms: [propext, Classical.choice, Quot.sound]
'ISAR.zChain_eval' depends on axioms: [propext]
'ISAR.forall₂_append' does not depend on any axioms
'ISAR.forall₂_reverse' depends on axioms: [propext]
'ISAR.u64_thunk_eval' depends on axioms: [propext, Quot.sound]
'ISAR.forall₂_u64_thunks' depends on axioms: [propext, Quot.sound]
'ISAR.idIlt_eval' depends on axioms: [propext, Quot.sound]
'ISAR.idNams_eval' depends on axioms: [propext, Quot.sound]
'ISAR.idDrva_eval' depends on axioms: [propext, Classical.choice, Quot.sound]
'ISAR.idIdt_eval' depends on axioms: [propext, Classical.choice, Quot.sound]
'ISAR.idBody_eval' depends on axioms: [propext, Classical.choice, Quot.sound]
'ISAR.idrK_eval' depends on axioms: [propext, Classical.choice, Quot.sound]
'ISAR.pack_open' depends on axioms: [propext, Quot.sound]
'ISAR.pack_eval' depends on axioms: [propext, Classical.choice, Quot.sound]
'ISAR.idataFold_eval' depends on axioms: [propext, Classical.choice, Quot.sound]
'ISAR.idataStep_eval' depends on axioms: [propext, Classical.choice, Quot.sound]
'ISAR.pairLit_snd' depends on axioms: [propext]
'ISAR.uFold_eval' depends on axioms: [propext, Quot.sound]
'ISAR.link_open' depends on axioms: [propext, Quot.sound]
'ISAR.link_eval' depends on axioms: [propext, Quot.sound]
'ISAR.linkKK_eval' depends on axioms: [propext, Classical.choice, Quot.sound]
'ISAR.linkKKI_eval' depends on axioms: [propext, Quot.sound]
'ISAR.linkKI_eval' depends on axioms: [propext, Classical.choice, Quot.sound]
'ISAR.nibnot_eval' depends on axioms: [propext, Quot.sound]
'ISAR.notb_eval' depends on axioms: [propext, Quot.sound]
'ISAR.nib2b4_eval' depends on axioms: [propext, Quot.sound]
'ISAR.succL_app3' depends on axioms: [propext]
'ISAR.succTower_iter' depends on axioms: [propext]
'ISAR.len_eval' depends on axioms: [propext]
'ISAR.b4substep_eval_scott' depends on axioms: [propext, Quot.sound]
'ISAR.b4subfold_run_scott' depends on axioms: [propext, Classical.choice, Quot.sound]
'ISAR.b4sub_eval_scott' depends on axioms: [propext, Classical.choice, Quot.sound]
'ISAR.stepE_eval' depends on axioms: [propext, Quot.sound]
'ISAR.eqIter_eval' depends on axioms: [propext, Quot.sound]
'ISAR.eqRunLen' depends on axioms: [propext, Quot.sound]
'ISAR.eqExtr_eval' depends on axioms: [propext, Quot.sound]
'ISAR.eqStr_eval' depends on axioms: [propext, Quot.sound]
'ISAR.alookStep_eval' depends on axioms: [propext, Quot.sound]
'ISAR.alookFold_eval' depends on axioms: [propext, Quot.sound]
'ISAR.alook_eval' depends on axioms: [propext, Quot.sound]
'ISAR.conssCell_nf' depends on axioms: [propext]
'ISAR.lbl_nf' depends on axioms: [propext, Quot.sound]
'ISAR.b4z_nf' depends on axioms: [propext, Quot.sound]
'ISAR.asm_open_outer' depends on axioms: [propext, Quot.sound]
'ISAR.asm_open_lets' depends on axioms: [propext, Quot.sound]
'ISAR.asm_open' depends on axioms: [propext, Quot.sound]
'ISAR.p1_label_eval' depends on axioms: [propext, Classical.choice, Quot.sound]
'ISAR.p1_insn_eval' depends on axioms: [propext, Classical.choice, Quot.sound]
'ISAR.p1_step_eval' depends on axioms: [propext, Classical.choice, Quot.sound]
'ISAR.p1Fold_eval' depends on axioms: [propext, Classical.choice, Quot.sound]
'ISAR.p1Frag_eval' depends on axioms: [propext, Classical.choice, Quot.sound]
'ISAR.p1FoldFrag_eval' depends on axioms: [propext, Classical.choice, Quot.sound]
'ISAR.p1_eval' depends on axioms: [propext, Classical.choice, Quot.sound]
'ISAR.p2Resv_eval' depends on axioms: [propext, Classical.choice, Quot.sound]
'ISAR.p2_step_eval' depends on axioms: [propext, Classical.choice, Quot.sound]
'ISAR.p2Fold_eval' depends on axioms: [propext, Classical.choice, Quot.sound]
'ISAR.p1ProgSem_wf' depends on axioms: [propext, Quot.sound]
'ISAR.p2FoldSem_wf' depends on axioms: [propext, Quot.sound]
'ISAR.asm_eval' depends on axioms: [propext, Classical.choice, Quot.sound]
'ISAR.osegChain_eval' depends on axioms: [propext, Quot.sound]
'ISAR.closed_progSegs' depends on axioms: [propext, Quot.sound]
'ISAR.program_open' depends on axioms: [propext]
'ISAR.program_eval' depends on axioms: [propext, Quot.sound]
'ISAR.shift_inj' depends on axioms: [propext, Quot.sound]
'ISAR.hasSelfApp_shift' depends on axioms: [propext, Quot.sound]
'ISAR.hasSelfApp_scottList' depends on axioms: [propext, Quot.sound]
'ISAR.wfImportL_scottList' depends on axioms: [propext, Quot.sound]
'ISAR.classifyExt_wf' depends on axioms: [propext]
'ISAR.classifyExt_notwf' depends on axioms: [propext]
'ISAR.program_proven' depends on axioms: [propext, Quot.sound]
BUILD OK
